weather_date,temperature_2m_max,temperature_2m_min,temperature_2m_mean,precipitation_sum,rain_sum,windspeed_10m_max,weathercode
2023-01-01,15.9,7.1,11.3,0.0,0.0,11.9,3
2023-01-02,14.7,6.3,9.9,1.6,1.6,15.9,53
2023-01-03,9.9,2.5,7.4,0.9,0.9,5.8,51
2023-01-04,10.7,1.6,6.8,0.5,0.5,17.2,51
2023-01-05,12.3,5.7,9.9,4.8,4.8,21.4,63
2023-01-06,11.4,4.4,8.2,0.0,0.0,9.7,3
2023-01-07,11.2,2.8,5.8,0.0,0.0,11.2,3
2023-01-08,8.1,2.8,6.3,22.8,22.8,10.9,63
2023-01-09,8.2,3.8,5.8,7.3,6.2,26.6,73
2023-01-10,7.4,2.7,4.9,0.6,0.6,23.6,51
2023-01-11,10.6,5.8,8.2,2.6,2.6,20.3,53
2023-01-12,10.6,4.5,8.0,0.0,0.0,22.5,3
2023-01-13,10.9,5.7,8.5,10.0,10.0,22.4,63
2023-01-14,10.1,4.4,7.6,3.7,3.7,20.5,61
2023-01-15,11.6,2.2,6.3,10.0,10.0,30.6,63
2023-01-16,6.8,1.8,3.8,3.1,2.6,34.0,73
2023-01-17,3.3,-1.7,1.2,5.3,2.8,15.8,73
2023-01-18,1.9,-2.2,0.5,4.6,0.6,14.7,73
2023-01-19,2.0,-5.6,-2.2,0.1,0.0,11.3,71
2023-01-20,1.4,-5.4,-2.6,0.6,0.0,8.7,71
2023-01-21,1.8,-5.3,-2.4,0.3,0.0,17.3,71
2023-01-22,2.0,-1.8,-0.3,1.7,0.0,13.7,71
2023-01-23,3.0,-2.3,0.9,0.1,0.0,22.2,71
2023-01-24,4.2,1.6,2.9,0.1,0.1,12.3,51
2023-01-25,2.7,0.8,2.1,0.3,0.3,9.6,51
2023-01-26,1.0,-1.2,-0.0,0.0,0.0,12.1,3
2023-01-27,2.3,-2.7,-0.7,0.0,0.0,12.7,3
2023-01-28,3.2,-2.5,0.5,0.0,0.0,14.0,3
2023-01-29,2.1,-3.2,-1.1,0.0,0.0,7.7,3
2023-01-30,3.9,-3.3,0.7,0.0,0.0,16.7,3
2023-01-31,5.1,-1.2,2.9,0.4,0.4,15.2,51
2023-02-01,6.0,3.4,4.6,0.5,0.5,23.2,51
2023-02-02,7.2,3.5,4.9,0.4,0.4,20.2,51
2023-02-03,8.9,3.8,6.3,0.0,0.0,22.0,3
2023-02-04,7.4,2.0,6.0,1.7,1.7,18.2,51
2023-02-05,5.1,0.1,3.3,6.1,6.1,12.4,61
2023-02-06,4.7,-0.4,2.8,1.7,1.6,17.7,71
2023-02-07,4.0,-3.2,-0.2,0.0,0.0,10.5,1
2023-02-08,2.5,-6.4,-2.3,0.0,0.0,7.1,0
2023-02-09,5.6,-5.0,-1.1,0.0,0.0,9.7,2
2023-02-10,5.7,-4.6,0.1,0.0,0.0,7.9,3
2023-02-11,7.6,-4.6,1.4,0.0,0.0,8.3,3
2023-02-12,9.1,-3.6,1.8,0.0,0.0,10.4,1
2023-02-13,10.1,-1.9,2.7,0.0,0.0,11.7,3
2023-02-14,9.9,-3.2,1.7,0.0,0.0,13.0,1
2023-02-15,11.8,-2.8,2.6,0.0,0.0,10.0,3
2023-02-16,14.2,-3.5,3.8,0.0,0.0,10.1,3
2023-02-17,11.9,5.2,7.9,0.2,0.2,11.3,51
2023-02-18,13.7,7.8,10.5,0.0,0.0,25.2,3
2023-02-19,10.9,6.0,8.9,0.5,0.5,19.4,51
2023-02-20,13.6,1.9,7.2,0.0,0.0,8.9,3
2023-02-21,14.8,-0.9,5.6,0.0,0.0,12.6,3
2023-02-22,12.6,-0.2,5.8,2.7,2.7,13.8,53
2023-02-23,13.4,3.8,7.9,0.8,0.8,8.2,53
2023-02-24,12.9,3.8,7.6,2.2,2.2,13.0,61
2023-02-25,7.6,-0.5,4.3,2.1,2.1,18.7,53
2023-02-26,3.2,-3.4,0.1,0.1,0.0,29.1,71
2023-02-27,2.8,-1.6,0.7,0.0,0.0,22.1,3
2023-02-28,4.0,-2.6,0.1,0.4,0.0,11.2,71
2023-03-01,5.1,-3.2,0.8,0.0,0.0,10.8,3
2023-03-02,5.4,-0.8,1.9,0.0,0.0,7.5,3
2023-03-03,8.3,-2.7,2.8,0.0,0.0,7.8,3
2023-03-04,6.7,-1.5,1.6,0.0,0.0,11.8,3
2023-03-05,6.8,-3.3,1.6,0.0,0.0,11.2,3
2023-03-06,6.2,-1.8,2.2,0.0,0.0,17.0,3
2023-03-07,8.3,-2.0,3.7,0.0,0.0,20.0,3
2023-03-08,12.4,0.3,7.7,1.8,1.8,32.4,55
2023-03-09,15.6,7.8,10.8,9.5,9.5,30.5,63
2023-03-10,10.5,4.0,8.1,15.4,15.4,33.4,61
2023-03-11,5.2,1.1,3.2,5.2,2.8,14.5,73
2023-03-12,12.4,4.0,7.3,2.7,2.7,23.4,53
2023-03-13,20.4,5.0,13.4,19.5,19.5,18.6,63
2023-03-14,11.3,4.1,8.1,10.2,9.0,31.5,73
2023-03-15,9.1,0.0,4.6,0.6,0.6,20.3,51
2023-03-16,13.4,-0.3,5.9,0.0,0.0,15.5,3
2023-03-17,18.7,2.5,10.5,0.0,0.0,11.9,3
2023-03-18,16.4,2.5,9.8,0.1,0.1,8.8,51
2023-03-19,13.2,5.2,9.6,9.6,9.6,15.2,63
2023-03-20,13.5,4.6,8.6,0.2,0.2,8.7,51
2023-03-21,15.5,2.2,8.7,0.2,0.2,7.4,51
2023-03-22,18.2,4.6,11.0,0.5,0.5,12.7,53
2023-03-23,16.8,8.9,12.9,0.4,0.4,13.0,51
2023-03-24,14.8,9.1,12.1,13.5,13.5,21.0,63
2023-03-25,12.6,7.2,9.4,4.3,4.3,32.6,61
2023-03-26,13.0,3.9,8.6,11.0,10.0,25.7,73
2023-03-27,7.3,1.5,5.0,4.8,3.8,20.5,73
2023-03-28,11.2,-1.4,5.5,0.1,0.1,8.9,51
2023-03-29,18.9,6.2,12.1,5.6,5.6,15.7,63
2023-03-30,17.6,10.7,13.8,3.5,3.5,26.7,55
2023-03-31,14.5,9.0,11.5,8.0,8.0,32.7,61
2023-04-01,11.4,6.1,8.5,8.5,8.3,27.4,71
2023-04-02,11.5,5.8,8.3,2.1,2.1,12.8,53
2023-04-03,7.9,2.5,5.6,3.5,3.5,17.5,53
2023-04-04,9.2,-2.1,3.4,0.0,0.0,12.0,1
2023-04-05,8.9,-0.1,4.1,0.0,0.0,9.9,3
2023-04-06,12.1,-3.0,5.8,0.1,0.1,8.7,51
2023-04-07,7.8,2.2,5.3,15.9,13.5,10.2,73
2023-04-08,11.9,1.6,7.0,0.3,0.3,11.2,51
2023-04-09,14.1,3.0,8.0,0.0,0.0,13.7,3
2023-04-10,17.4,3.3,10.4,0.2,0.2,13.0,51
2023-04-11,12.9,8.7,10.7,9.2,9.2,20.9,63
2023-04-12,14.7,7.6,10.5,4.6,4.6,22.3,55
2023-04-13,9.8,3.5,6.6,2.3,2.3,16.3,53
2023-04-14,12.4,2.2,7.3,0.9,0.9,11.2,51
2023-04-15,10.6,3.2,7.5,4.8,4.8,15.0,53
2023-04-16,9.9,5.8,7.8,5.0,5.0,12.9,53
2023-04-17,12.2,5.7,8.9,9.1,9.1,13.0,63
2023-04-18,13.4,5.5,8.9,0.3,0.3,11.8,51
2023-04-19,13.1,5.3,9.6,4.3,4.3,16.9,61
2023-04-20,9.8,3.2,6.9,2.0,2.0,12.6,53
2023-04-21,14.0,1.7,8.5,1.0,1.0,12.2,53
2023-04-22,20.1,6.9,12.8,5.4,5.4,16.0,61
2023-04-23,17.9,9.3,13.0,8.9,8.9,16.2,61
2023-04-24,12.5,6.7,10.1,3.9,3.9,25.7,61
2023-04-25,12.2,4.6,7.9,8.8,8.8,18.2,61
2023-04-26,14.1,2.9,8.7,0.3,0.3,7.7,51
2023-04-27,18.8,6.5,12.8,0.8,0.8,6.3,53
2023-04-28,19.8,11.1,14.5,12.1,12.1,17.0,61
2023-04-29,18.6,10.3,14.1,5.7,5.7,16.6,63
2023-04-30,17.0,8.4,12.9,0.3,0.3,12.3,51
2023-05-01,15.9,9.9,12.4,7.7,7.7,13.3,63
2023-05-02,16.6,7.8,12.0,1.0,1.0,14.5,53
2023-05-03,19.1,5.1,12.2,0.0,0.0,18.6,3
2023-05-04,23.2,8.4,15.5,0.0,0.0,14.0,3
2023-05-05,22.4,11.3,15.8,10.0,10.0,22.5,63
2023-05-06,21.1,11.2,16.2,1.2,1.2,9.4,51
2023-05-07,18.4,9.6,14.8,7.5,7.5,14.9,61
2023-05-08,18.7,12.6,15.4,3.7,3.7,9.8,61
2023-05-09,19.2,10.8,14.7,14.1,14.1,17.5,63
2023-05-10,15.4,10.2,12.8,2.7,2.7,24.1,55
2023-05-11,14.4,9.3,11.8,4.3,4.3,11.5,61
2023-05-12,16.3,8.6,11.7,2.0,2.0,11.2,53
2023-05-13,15.1,8.8,11.8,1.6,1.6,10.5,53
2023-05-14,16.5,8.1,12.1,9.5,9.5,11.3,63
2023-05-15,17.2,8.4,12.9,4.2,4.2,14.2,61
2023-05-16,11.2,8.9,10.3,5.9,5.9,22.4,55
2023-05-17,14.7,6.8,10.7,0.4,0.4,16.5,51
2023-05-18,16.5,4.2,10.7,0.1,0.1,17.7,51
2023-05-19,15.6,7.9,12.4,0.5,0.5,13.5,51
2023-05-20,19.0,9.6,14.4,1.7,1.7,8.3,53
2023-05-21,23.0,10.1,16.9,0.0,0.0,12.8,3
2023-05-22,24.2,11.1,18.0,1.6,1.6,16.8,61
2023-05-23,20.6,14.4,17.3,1.0,1.0,19.5,53
2023-05-24,16.6,10.9,13.2,1.8,1.8,15.7,51
2023-05-25,19.2,8.1,13.9,0.0,0.0,15.8,3
2023-05-26,22.4,10.1,16.4,0.0,0.0,16.9,1
2023-05-27,23.8,9.8,17.1,0.0,0.0,11.3,2
2023-05-28,24.4,12.4,18.3,0.0,0.0,12.7,1
2023-05-29,25.9,10.1,17.8,0.0,0.0,15.3,1
2023-05-30,24.2,10.1,17.4,0.3,0.3,11.7,51
2023-05-31,24.9,9.8,17.9,0.0,0.0,16.7,0
2023-06-01,25.0,11.4,18.9,0.0,0.0,8.8,3
2023-06-02,23.9,12.5,18.2,0.0,0.0,17.0,3
2023-06-03,25.0,11.0,18.3,0.0,0.0,10.1,1
2023-06-04,25.5,13.4,19.3,0.0,0.0,17.9,2
2023-06-05,25.5,12.9,19.0,0.0,0.0,11.3,2
2023-06-06,25.1,12.4,19.9,0.1,0.1,11.5,51
2023-06-07,25.5,12.3,20.0,0.1,0.1,10.6,51
2023-06-08,26.3,12.6,20.4,0.7,0.7,13.2,53
2023-06-09,27.9,13.2,21.6,0.0,0.0,10.2,3
2023-06-10,27.3,16.4,22.2,0.0,0.0,14.2,3
2023-06-11,27.8,16.2,22.4,0.0,0.0,14.2,2
2023-06-12,28.0,14.7,22.2,0.0,0.0,17.1,2
2023-06-13,27.2,14.1,20.8,0.0,0.0,18.3,3
2023-06-14,27.2,11.8,20.1,0.0,0.0,23.8,2
2023-06-15,26.1,12.6,20.1,0.0,0.0,11.8,3
2023-06-16,26.5,13.4,21.0,0.0,0.0,10.4,1
2023-06-17,28.8,13.0,22.4,0.0,0.0,15.1,3
2023-06-18,30.6,16.0,23.8,0.0,0.0,14.3,3
2023-06-19,28.0,18.2,22.8,22.3,22.3,17.6,65
2023-06-20,29.9,18.6,23.8,1.6,1.6,13.0,55
2023-06-21,25.5,18.2,21.9,1.0,1.0,10.0,53
2023-06-22,29.1,17.5,22.3,7.6,7.6,20.6,63
2023-06-23,24.2,16.4,20.2,2.2,2.2,21.7,61
2023-06-24,26.2,13.1,20.2,0.0,0.0,19.5,3
2023-06-25,28.6,13.6,21.7,0.0,0.0,10.6,0
2023-06-26,28.4,16.3,22.3,0.0,0.0,21.3,3
2023-06-27,25.4,14.9,20.0,0.2,0.2,11.1,51
2023-06-28,26.2,14.2,20.6,0.0,0.0,14.8,3
2023-06-29,27.4,14.5,22.1,0.0,0.0,13.8,3
2023-06-30,19.9,18.0,18.8,6.7,6.7,16.2,61
2023-07-01,22.5,15.2,18.9,0.3,0.3,20.2,51
2023-07-02,23.5,15.8,19.4,0.3,0.3,20.5,51
2023-07-03,23.3,15.8,19.8,0.3,0.3,18.7,51
2023-07-04,24.4,15.5,19.2,3.6,3.6,11.4,61
2023-07-05,22.9,13.8,18.5,11.7,11.7,22.0,63
2023-07-06,24.4,12.1,18.9,0.0,0.0,7.2,3
2023-07-07,30.0,13.9,22.8,0.0,0.0,8.7,3
2023-07-08,28.6,17.8,22.7,5.0,5.0,18.5,63
2023-07-09,33.8,16.9,25.6,0.0,0.0,12.3,3
2023-07-10,30.5,19.8,24.9,2.0,2.0,18.1,61
2023-07-11,35.3,18.0,26.1,11.4,11.4,18.5,65
2023-07-12,25.2,18.5,22.0,11.3,11.3,16.9,65
2023-07-13,25.8,15.6,20.5,0.3,0.3,14.9,51
2023-07-14,29.2,12.6,21.3,0.0,0.0,10.8,3
2023-07-15,30.9,16.7,24.6,4.2,4.2,15.0,63
2023-07-16,24.1,16.2,20.1,9.2,9.2,18.7,65
2023-07-17,27.2,17.7,22.3,0.1,0.1,15.5,51
2023-07-18,26.5,15.8,20.9,41.1,41.1,17.9,65
2023-07-19,29.1,18.6,23.1,1.7,1.7,22.6,61
2023-07-20,25.8,16.8,21.3,0.0,0.0,11.9,3
2023-07-21,24.5,14.8,20.0,1.0,1.0,24.5,51
2023-07-22,26.2,13.6,20.5,0.0,0.0,13.7,2
2023-07-23,29.5,14.6,23.1,0.7,0.7,19.3,53
2023-07-24,22.3,16.6,20.0,19.1,19.1,14.3,63
2023-07-25,19.5,13.9,17.1,10.6,10.6,27.9,63
2023-07-26,19.6,12.4,15.7,5.0,5.0,16.9,63
2023-07-27,24.9,11.8,18.9,0.0,0.0,15.3,3
2023-07-28,25.2,15.7,20.6,3.9,3.9,20.7,61
2023-07-29,24.4,17.3,20.1,13.1,13.1,14.5,63
2023-07-30,23.2,15.4,19.3,0.8,0.8,23.4,51
2023-07-31,25.0,12.6,19.3,0.2,0.2,14.1,51
2023-08-01,21.5,16.2,19.5,10.3,10.3,24.6,63
2023-08-02,29.5,14.6,21.7,2.0,2.0,30.4,53
2023-08-03,22.1,14.8,19.3,0.1,0.1,28.1,51
2023-08-04,21.1,13.0,16.2,9.4,9.4,19.7,63
2023-08-05,22.4,13.4,17.6,0.7,0.7,13.8,51
2023-08-06,16.6,12.6,14.8,4.4,4.4,32.1,55
2023-08-07,18.8,11.1,14.7,3.5,3.5,19.8,61
2023-08-08,22.6,9.2,16.6,0.0,0.0,14.6,3
2023-08-09,23.5,14.2,18.7,0.2,0.2,16.6,51
2023-08-10,27.2,13.8,20.6,0.0,0.0,9.4,3
2023-08-11,30.5,14.0,23.0,0.0,0.0,7.3,1
2023-08-12,29.5,17.8,23.4,1.5,1.5,12.3,53
2023-08-13,28.2,18.7,22.9,1.8,1.8,11.3,53
2023-08-14,29.6,19.0,24.4,1.6,1.6,13.9,61
2023-08-15,31.0,19.2,24.3,0.0,0.0,16.8,3
2023-08-16,30.9,17.9,23.9,0.0,0.0,12.4,3
2023-08-17,29.8,18.8,23.6,0.0,0.0,10.7,3
2023-08-18,34.0,18.7,26.0,0.0,0.0,13.8,3
2023-08-19,34.6,17.3,26.5,0.0,0.0,15.5,3
2023-08-20,33.4,20.0,26.4,0.0,0.0,15.3,3
2023-08-21,34.0,20.9,27.3,0.0,0.0,11.3,1
2023-08-22,34.5,20.8,27.4,0.0,0.0,13.8,2
2023-08-23,32.7,20.8,26.5,0.0,0.0,14.5,3
2023-08-24,37.2,19.9,26.4,3.6,3.6,27.0,63
2023-08-25,32.2,19.8,25.1,19.7,19.7,22.0,65
2023-08-26,21.1,17.8,18.9,18.5,18.5,13.4,65
2023-08-27,20.6,15.0,16.9,7.8,7.8,12.9,61
2023-08-28,15.6,13.4,14.2,8.4,8.4,13.4,53
2023-08-29,17.3,12.3,14.2,6.1,6.1,8.4,55
2023-08-30,20.0,10.1,15.2,0.3,0.3,12.9,51
2023-08-31,19.1,12.0,16.1,0.7,0.7,15.9,51
2023-09-01,24.4,15.2,19.8,0.4,0.4,14.9,51
2023-09-02,27.2,12.4,20.1,0.0,0.0,9.6,3
2023-09-03,25.9,14.6,20.5,0.0,0.0,10.1,3
2023-09-04,28.4,15.5,21.6,0.0,0.0,14.2,3
2023-09-05,27.8,16.4,21.7,0.0,0.0,14.2,3
2023-09-06,27.0,12.7,20.2,0.0,0.0,9.9,3
2023-09-07,28.6,13.7,21.2,0.0,0.0,9.7,0
2023-09-08,29.9,15.4,22.8,0.0,0.0,7.3,0
2023-09-09,30.1,15.6,23.7,0.0,0.0,7.0,0
2023-09-10,30.2,16.9,23.5,0.0,0.0,6.1,0
2023-09-11,30.5,15.8,23.1,0.0,0.0,6.8,3
2023-09-12,29.3,17.0,22.7,0.1,0.1,12.8,51
2023-09-13,21.8,17.8,19.1,7.0,7.0,13.3,55
2023-09-14,22.6,15.4,18.5,0.0,0.0,10.4,3
2023-09-15,24.8,12.6,18.5,0.0,0.0,8.3,3
2023-09-16,26.4,14.6,19.6,0.6,0.6,10.9,53
2023-09-17,28.6,15.0,22.0,0.0,0.0,12.2,3
2023-09-18,22.1,17.0,19.0,15.8,15.8,18.0,63
2023-09-19,22.2,13.8,17.9,1.3,1.3,16.2,51
2023-09-20,25.6,11.1,17.9,0.0,0.0,7.7,2
2023-09-21,25.0,14.7,18.8,10.2,10.2,18.5,63
2023-09-22,18.6,13.1,15.1,10.6,10.6,9.7,63
2023-09-23,17.5,9.4,13.5,0.2,0.2,10.1,51
2023-09-24,19.8,8.1,13.1,0.0,0.0,16.8,1
2023-09-25,20.9,7.6,14.2,0.0,0.0,10.4,0
2023-09-26,22.3,6.6,14.1,0.0,0.0,10.5,3
2023-09-27,23.5,7.6,14.7,0.0,0.0,11.4,3
2023-09-28,25.5,11.6,17.9,0.0,0.0,7.6,3
2023-09-29,25.5,12.2,18.4,0.0,0.0,20.4,3
2023-09-30,21.9,13.1,16.6,0.0,0.0,7.7,3
2023-10-01,23.9,10.9,16.3,0.0,0.0,9.7,3
2023-10-02,26.5,10.8,17.6,0.0,0.0,10.0,3
2023-10-03,25.9,12.7,17.9,0.5,0.5,26.7,51
2023-10-04,19.0,9.6,14.2,0.2,0.2,9.0,51
2023-10-05,18.4,7.7,12.4,0.0,0.0,7.8,3
2023-10-06,20.8,6.9,13.0,0.0,0.0,8.1,3
2023-10-07,22.7,5.7,13.8,0.0,0.0,8.0,3
2023-10-08,25.1,8.6,15.8,0.0,0.0,7.6,1
2023-10-09,25.5,9.9,17.0,0.0,0.0,8.8,3
2023-10-10,25.0,11.0,17.0,0.0,0.0,8.1,3
2023-10-11,25.1,9.9,16.7,0.0,0.0,8.0,0
2023-10-12,26.0,11.6,17.6,0.0,0.0,15.9,3
2023-10-13,27.2,11.8,19.4,0.0,0.0,20.0,3
2023-10-14,19.9,9.9,15.9,11.7,11.7,23.7,63
2023-10-15,13.1,5.5,10.0,0.3,0.3,14.4,51
2023-10-16,14.1,2.1,7.8,0.0,0.0,10.1,3
2023-10-17,15.6,4.3,9.4,0.0,0.0,13.6,3
2023-10-18,14.3,6.8,10.9,8.6,8.6,15.5,61
2023-10-19,15.9,11.2,14.0,9.0,9.0,18.2,61
2023-10-20,15.8,12.6,13.9,13.1,13.1,22.0,61
2023-10-21,17.3,8.4,13.3,0.3,0.3,22.4,51
2023-10-22,16.6,7.1,11.8,0.0,0.0,13.0,3
2023-10-23,14.0,4.6,9.5,1.6,1.6,9.8,55
2023-10-24,13.5,8.1,11.0,9.9,9.9,7.6,61
2023-10-25,16.8,7.9,12.0,7.4,7.4,19.6,61
2023-10-26,16.1,10.7,12.7,19.8,19.8,20.1,63
2023-10-27,14.9,9.3,11.8,11.1,11.1,22.6,61
2023-10-28,16.8,8.0,12.3,0.2,0.2,15.1,51
2023-10-29,17.6,9.9,14.1,0.2,0.2,24.2,51
2023-10-30,17.4,8.1,11.6,16.7,16.7,17.6,63
2023-10-31,13.2,7.1,10.4,8.7,8.7,16.5,63
2023-11-01,15.5,6.3,10.3,2.3,2.3,14.6,61
2023-11-02,11.1,4.6,8.8,13.7,13.7,22.5,63
2023-11-03,10.5,3.2,7.1,0.1,0.1,16.0,51
2023-11-04,10.6,3.0,7.4,6.5,6.5,25.6,55
2023-11-05,12.8,9.6,11.1,3.1,3.1,36.2,55
2023-11-06,13.4,5.0,8.8,3.6,3.6,16.2,61
2023-11-07,10.5,4.4,7.0,2.2,2.2,16.9,53
2023-11-08,13.1,1.9,6.8,0.0,0.0,10.6,3
2023-11-09,9.9,3.0,7.2,7.1,7.1,14.3,63
2023-11-10,10.7,6.1,8.0,12.7,12.7,20.9,63
2023-11-11,8.4,2.3,6.2,2.4,2.4,26.3,53
2023-11-12,11.1,0.6,5.8,26.1,26.1,30.1,63
2023-11-13,17.3,10.7,14.1,9.3,9.3,28.3,61
2023-11-14,15.6,10.4,12.3,26.6,26.6,31.4,63
2023-11-15,11.6,6.2,9.5,0.4,0.4,23.7,51
2023-11-16,12.1,2.6,7.6,19.2,19.2,45.1,63
2023-11-17,9.6,4.3,6.8,10.1,10.1,34.9,61
2023-11-18,8.4,0.9,5.6,2.9,2.9,11.4,61
2023-11-19,14.3,9.1,12.5,5.8,5.8,19.1,55
2023-11-20,12.6,7.7,10.5,1.4,1.4,21.3,51
2023-11-21,10.0,6.5,8.1,12.2,12.2,13.0,63
2023-11-22,6.6,0.4,4.0,0.6,0.6,22.0,51
2023-11-23,7.6,-1.9,3.3,0.0,0.0,13.4,3
2023-11-24,9.1,2.5,6.8,5.0,4.7,24.6,71
2023-11-25,5.5,0.9,2.8,5.8,1.6,22.4,75
2023-11-26,4.8,-0.6,2.7,3.8,2.4,20.8,73
2023-11-27,6.1,-1.4,3.3,7.7,7.1,6.3,73
2023-11-28,6.2,0.6,3.7,6.9,6.7,23.8,71
2023-11-29,5.4,-3.0,0.6,0.0,0.0,9.0,3
2023-11-30,3.5,-0.3,2.0,15.1,10.0,12.3,75
2023-12-01,3.8,0.6,2.2,15.6,10.8,10.7,73
2023-12-02,0.4,-2.0,-1.0,5.3,0.0,16.8,73
2023-12-03,0.9,-5.6,-3.0,0.0,0.0,12.4,3
2023-12-04,1.4,-5.1,-1.6,3.0,1.8,16.5,73
2023-12-05,7.7,1.0,4.2,1.9,1.9,19.3,53
2023-12-06,5.2,1.8,4.0,1.7,1.7,17.5,53
2023-12-07,3.5,-2.0,1.1,0.0,0.0,16.9,3
2023-12-08,7.0,1.5,4.8,7.4,7.4,16.0,55
2023-12-09,12.1,3.0,6.5,11.4,11.4,36.4,63
2023-12-10,13.0,7.1,9.2,0.8,0.8,30.0,51
2023-12-11,13.1,6.6,10.5,17.0,17.0,29.3,63
2023-12-12,13.7,7.2,10.4,16.9,16.9,18.8,61
2023-12-13,10.5,5.8,7.8,4.2,4.2,18.2,55
2023-12-14,7.6,5.3,6.4,7.0,7.0,15.2,53
2023-12-15,7.6,0.1,3.9,0.6,0.6,11.3,51
2023-12-16,5.1,-1.8,1.1,0.0,0.0,8.8,3
2023-12-17,6.5,-2.0,0.8,0.0,0.0,11.3,2
2023-12-18,8.1,-2.5,1.4,0.0,0.0,9.3,1
2023-12-19,4.8,-2.4,1.5,0.0,0.0,7.8,3
2023-12-20,6.2,2.7,4.8,2.8,2.8,20.6,53
2023-12-21,9.4,5.1,8.0,5.7,5.7,32.4,63
2023-12-22,8.4,6.7,7.7,13.5,13.5,31.3,63
2023-12-23,8.4,6.7,7.4,0.4,0.4,29.4,51
2023-12-24,11.2,6.9,9.1,4.4,4.4,22.5,63
2023-12-25,11.3,6.9,9.0,0.0,0.0,16.4,3
2023-12-26,9.6,1.3,6.7,0.0,0.0,14.5,3
2023-12-27,9.8,-0.3,3.0,0.0,0.0,9.8,3
2023-12-28,7.3,-0.1,4.3,1.6,1.6,9.9,53
2023-12-29,12.6,5.2,8.6,0.3,0.3,14.0,51
2023-12-30,11.9,3.3,6.6,0.0,0.0,10.2,3
2023-12-31,10.8,2.5,5.1,6.6,6.6,26.6,63
2024-01-01,8.6,1.6,5.0,0.4,0.4,17.8,51
2024-01-02,12.4,3.3,8.0,9.5,9.5,29.9,61
2024-01-03,12.6,8.4,10.5,3.7,3.7,29.2,61
2024-01-04,9.6,3.3,7.0,0.9,0.9,31.0,51
2024-01-05,8.2,3.2,5.9,3.7,3.7,8.5,53
2024-01-06,5.9,2.9,4.6,3.9,3.9,10.8,53
2024-01-07,3.8,-0.7,2.6,4.5,3.7,21.3,73
2024-01-08,0.4,-2.5,-1.2,1.1,0.0,19.2,71
2024-01-09,0.2,-3.0,-2.2,5.0,0.0,10.7,73
2024-01-10,2.8,-4.9,-1.9,1.7,0.0,9.4,73
2024-01-11,-1.1,-6.1,-3.8,0.0,0.0,9.7,3
2024-01-12,-1.1,-6.2,-4.2,0.0,0.0,7.0,3
2024-01-13,-0.6,-6.8,-4.0,0.0,0.0,7.5,3
2024-01-14,2.0,-7.1,-2.2,0.1,0.1,12.2,51
2024-01-15,4.5,-3.4,0.3,0.2,0.0,21.7,71
2024-01-16,3.2,-6.2,-1.8,0.1,0.1,10.0,51
2024-01-17,10.4,0.2,4.4,17.1,17.1,18.4,61
2024-01-18,11.0,-0.3,5.1,16.1,14.1,25.6,73
2024-01-19,1.5,-4.4,-1.8,0.0,0.0,12.6,3
2024-01-20,1.6,-6.3,-3.5,0.0,0.0,10.5,3
2024-01-21,6.8,-5.8,-1.3,0.0,0.0,10.0,3
2024-01-22,9.2,-1.5,4.6,19.1,19.1,18.8,63
2024-01-23,8.6,4.8,6.6,1.8,1.8,22.2,51
2024-01-24,13.2,6.4,11.3,3.2,3.2,25.5,61
2024-01-25,12.3,7.4,10.4,2.6,2.6,17.9,55
2024-01-26,11.5,5.6,8.3,4.1,4.1,19.6,63
2024-01-27,9.4,0.8,4.0,0.0,0.0,11.5,3
2024-01-28,9.1,-0.9,3.9,0.0,0.0,15.8,3
2024-01-29,9.6,-0.2,3.4,0.0,0.0,9.7,3
2024-01-30,11.1,-0.6,4.4,0.0,0.0,7.2,3
2024-01-31,12.4,0.1,4.9,0.0,0.0,10.4,3
2024-02-01,9.6,5.7,8.0,0.8,0.8,14.8,51
2024-02-02,10.7,2.4,6.4,0.4,0.4,12.3,51
2024-02-03,9.1,1.1,5.5,0.0,0.0,16.0,3
2024-02-04,10.4,3.8,6.5,0.0,0.0,16.2,3
2024-02-05,10.1,1.5,5.6,0.0,0.0,11.6,3
2024-02-06,8.6,-0.3,4.2,0.0,0.0,18.0,3
2024-02-07,11.6,4.5,8.5,2.9,2.9,22.2,53
2024-02-08,14.1,8.2,10.8,1.6,1.6,23.9,51
2024-02-09,12.4,7.9,10.1,9.2,9.2,13.4,55
2024-02-10,10.9,7.0,8.5,2.6,2.6,24.9,53
2024-02-11,10.4,5.6,7.5,8.2,8.2,24.0,63
2024-02-12,9.7,4.5,7.0,1.0,1.0,15.6,53
2024-02-13,11.1,2.3,5.8,0.7,0.7,8.9,51
2024-02-14,13.4,1.3,7.6,1.3,1.3,9.0,61
2024-02-15,14.6,2.8,7.8,0.0,0.0,12.1,3
2024-02-16,13.9,5.1,8.8,4.4,4.4,9.2,61
2024-02-17,11.6,6.3,9.5,1.0,1.0,9.5,51
2024-02-18,13.1,5.7,8.9,3.9,3.9,16.1,61
2024-02-19,11.9,7.4,9.4,1.5,1.5,20.6,53
2024-02-20,10.9,3.0,7.1,1.8,1.8,15.5,53
2024-02-21,12.4,2.2,7.9,0.0,0.0,14.1,3
2024-02-22,13.1,7.9,10.6,17.8,17.8,31.9,63
2024-02-23,10.3,0.9,5.8,4.1,3.6,24.5,73
2024-02-24,8.0,0.9,4.0,7.1,4.8,8.7,75
2024-02-25,11.8,-0.2,6.0,0.0,0.0,12.2,3
2024-02-26,12.4,5.6,7.8,3.6,3.6,11.8,53
2024-02-27,9.9,4.1,6.6,1.0,1.0,19.6,51
2024-02-28,10.1,3.3,6.3,0.0,0.0,11.2,3
2024-02-29,11.6,0.3,5.8,0.0,0.0,9.5,3
2024-03-01,9.9,1.0,6.4,1.0,1.0,10.9,51
2024-03-02,12.9,2.5,7.7,0.0,0.0,15.3,3
2024-03-03,12.7,3.8,7.5,2.1,2.1,21.8,61
2024-03-04,9.1,4.9,6.7,0.0,0.0,18.9,3
2024-03-05,10.4,5.2,7.4,1.3,1.3,17.0,51
2024-03-06,8.4,4.7,6.0,8.5,8.5,14.2,55
2024-03-07,9.1,1.5,5.7,0.4,0.4,13.1,51
2024-03-08,11.1,0.1,5.1,0.0,0.0,19.1,3
2024-03-09,15.4,0.4,8.4,0.3,0.3,15.5,51
2024-03-10,10.8,4.2,7.5,7.6,7.6,16.3,61
2024-03-11,12.4,1.5,6.4,0.1,0.1,12.4,51
2024-03-12,10.6,2.7,7.0,3.3,3.3,19.8,53
2024-03-13,12.5,5.8,9.1,7.0,7.0,19.6,61
2024-03-14,17.4,4.1,9.9,0.0,0.0,9.4,3
2024-03-15,15.9,6.0,11.2,9.1,9.1,21.8,63
2024-03-16,13.4,6.0,10.5,2.3,2.3,23.4,55
2024-03-17,13.1,3.7,8.7,0.8,0.8,8.0,51
2024-03-18,14.1,6.0,10.1,18.6,18.6,8.8,63
2024-03-19,16.2,4.9,10.0,0.0,0.0,8.8,3
2024-03-20,18.3,3.4,11.4,0.0,0.0,11.0,3
2024-03-21,17.9,7.4,12.6,1.4,1.4,16.7,53
2024-03-22,19.4,6.7,12.5,0.0,0.0,11.9,3
2024-03-23,12.4,4.7,8.8,4.5,4.2,27.4,71
2024-03-24,9.0,3.7,5.8,2.5,2.5,25.1,53
2024-03-25,12.2,0.3,6.5,0.7,0.6,14.5,71
2024-03-26,16.5,2.7,9.8,1.3,1.3,14.1,53
2024-03-27,8.9,1.6,6.1,3.1,3.1,25.8,55
2024-03-28,12.8,1.8,6.9,2.5,2.5,22.7,61
2024-03-29,18.1,4.8,9.9,3.6,3.6,15.0,61
2024-03-30,19.0,7.1,11.6,6.4,6.4,23.4,63
2024-03-31,16.1,5.5,10.6,5.4,5.4,10.4,61
2024-04-01,12.4,5.3,9.4,14.0,14.0,27.7,63
2024-04-02,13.6,4.5,9.0,2.8,2.8,22.9,61
2024-04-03,13.8,4.1,9.7,3.3,3.3,18.0,61
2024-04-04,17.5,8.7,13.0,3.6,3.6,21.5,61
2024-04-05,23.1,8.8,15.0,0.2,0.2,16.2,51
2024-04-06,25.3,8.2,16.0,0.0,0.0,13.8,3
2024-04-07,24.4,10.2,17.5,0.0,0.0,14.8,3
2024-04-08,25.9,10.0,17.8,0.0,0.0,14.8,3
2024-04-09,16.9,6.7,10.2,5.9,5.9,32.1,55
2024-04-10,12.1,3.5,8.0,0.1,0.1,13.8,51
2024-04-11,15.9,2.5,9.5,0.0,0.0,7.2,3
2024-04-12,20.0,4.3,12.1,0.0,0.0,8.2,3
2024-04-13,24.0,7.2,15.7,0.0,0.0,8.6,3
2024-04-14,24.9,7.9,16.1,0.0,0.0,14.2,3
2024-04-15,17.8,10.6,14.6,10.5,10.5,30.8,61
2024-04-16,10.8,5.5,7.7,10.1,10.1,29.8,63
2024-04-17,9.6,3.3,6.0,8.8,7.8,18.9,73
2024-04-18,8.8,2.2,4.9,6.1,4.8,12.4,75
2024-04-19,7.7,1.2,5.9,10.3,10.3,26.0,63
2024-04-20,9.1,2.8,5.3,5.1,5.1,16.2,53
2024-04-21,6.3,1.0,3.8,4.5,4.1,13.9,71
2024-04-22,7.7,1.5,4.3,2.5,2.5,16.2,51
2024-04-23,8.5,0.5,4.7,1.0,1.0,17.9,51
2024-04-24,8.7,1.4,4.9,0.4,0.4,20.9,51
2024-04-25,10.4,-0.2,5.6,2.6,1.1,13.9,73
2024-04-26,13.3,0.6,7.1,10.2,10.0,8.2,71
2024-04-27,19.8,4.0,11.3,0.0,0.0,15.9,3
2024-04-28,15.1,7.0,11.0,4.6,4.6,17.6,55
2024-04-29,18.8,6.8,12.7,0.7,0.7,15.6,51
2024-04-30,23.0,6.7,14.6,0.0,0.0,9.6,3
2024-05-01,24.8,8.5,16.2,0.0,0.0,15.9,3
2024-05-02,15.4,9.9,12.4,12.4,12.4,28.6,63
2024-05-03,15.2,7.5,11.5,0.8,0.8,16.6,51
2024-05-04,18.0,5.2,12.4,2.3,2.3,12.6,55
2024-05-05,20.4,11.9,15.5,6.3,6.3,11.3,61
2024-05-06,14.1,9.4,12.7,16.4,16.4,16.9,63
2024-05-07,14.0,8.6,11.5,7.8,7.8,10.0,53
2024-05-08,16.8,8.7,12.5,0.1,0.1,18.6,51
2024-05-09,18.4,8.8,13.9,0.0,0.0,7.3,3
2024-05-10,21.0,8.3,15.2,0.0,0.0,10.0,2
2024-05-11,23.5,7.2,16.7,0.0,0.0,9.2,3
2024-05-12,24.9,11.5,17.9,0.3,0.3,12.1,51
2024-05-13,22.5,12.2,17.2,0.7,0.7,10.2,51
2024-05-14,24.9,11.2,16.9,0.2,0.2,24.1,51
2024-05-15,18.2,11.6,14.8,7.3,7.3,13.3,63
2024-05-16,17.0,9.4,12.7,14.1,14.1,16.9,63
2024-05-17,16.9,9.5,13.1,15.0,15.0,20.4,63
2024-05-18,20.0,6.7,13.5,0.8,0.8,17.0,51
2024-05-19,19.8,8.6,14.6,0.6,0.6,12.6,51
2024-05-20,22.1,10.4,16.3,2.0,2.0,20.6,61
2024-05-21,18.6,11.8,15.0,7.4,7.4,13.3,63
2024-05-22,18.9,10.4,14.7,2.7,2.7,17.4,55
2024-05-23,17.2,9.2,13.2,4.2,4.2,17.4,61
2024-05-24,18.0,8.3,13.2,4.3,4.3,10.8,61
2024-05-25,19.9,7.8,14.0,0.2,0.2,12.7,51
2024-05-26,22.0,9.4,16.2,3.4,3.4,11.2,55
2024-05-27,19.2,13.1,16.3,5.5,5.5,14.3,61
2024-05-28,19.6,10.1,14.9,0.4,0.4,13.6,51
2024-05-29,17.5,10.9,14.7,5.3,5.3,11.5,61
2024-05-30,18.3,11.3,14.9,10.4,10.4,19.5,63
2024-05-31,15.1,10.8,12.4,10.5,10.5,16.2,61
2024-06-01,17.4,11.6,14.2,2.8,2.8,11.9,51
2024-06-02,18.5,10.8,14.7,9.0,9.0,9.4,61
2024-06-03,18.0,12.4,15.0,5.8,5.8,15.3,61
2024-06-04,21.5,11.9,16.8,0.4,0.4,6.8,51
2024-06-05,22.9,12.4,18.2,0.1,0.1,15.1,51
2024-06-06,24.0,12.9,18.3,2.4,2.4,10.9,61
2024-06-07,24.5,13.7,19.0,2.3,2.3,13.6,55
2024-06-08,23.1,12.9,18.2,9.5,9.5,8.6,63
2024-06-09,20.7,15.6,17.8,1.7,1.7,12.7,53
2024-06-10,20.7,13.1,16.6,0.2,0.2,20.8,51
2024-06-11,17.0,10.9,13.4,0.0,0.0,11.2,3
2024-06-12,18.2,7.8,13.3,0.4,0.4,12.3,51
2024-06-13,19.4,10.1,14.5,0.1,0.1,6.2,51
2024-06-14,21.0,12.2,16.3,5.3,5.3,17.6,61
2024-06-15,19.9,12.7,16.3,20.7,20.7,18.9,63
2024-06-16,21.8,12.0,16.6,3.7,3.7,13.9,55
2024-06-17,20.5,13.2,17.2,4.7,4.7,8.3,55
2024-06-18,27.8,14.3,21.4,4.3,4.3,14.0,63
2024-06-19,27.0,17.4,21.9,3.7,3.7,12.8,55
2024-06-20,26.8,15.2,20.5,1.6,1.6,16.6,53
2024-06-21,22.4,15.4,17.9,18.4,18.4,13.8,63
2024-06-22,17.4,12.6,15.0,11.0,11.0,17.0,61
2024-06-23,19.7,10.9,16.1,1.9,1.9,12.2,53
2024-06-24,26.7,13.0,19.8,0.5,0.5,16.9,51
2024-06-25,26.8,14.1,20.0,0.9,0.9,14.1,53
2024-06-26,25.7,15.4,20.7,0.8,0.8,10.2,51
2024-06-27,27.9,16.9,22.5,9.2,9.2,13.7,65
2024-06-28,26.6,17.5,22.7,2.8,2.8,9.2,61
2024-06-29,29.5,17.6,23.1,0.3,0.3,24.3,51
2024-06-30,21.2,14.9,18.9,13.4,13.4,24.8,63
2024-07-01,22.6,13.5,17.5,3.9,3.9,20.2,61
2024-07-02,19.6,13.9,15.7,9.7,9.7,17.2,61
2024-07-03,18.1,13.2,15.1,5.6,5.6,15.5,61
2024-07-04,21.1,13.8,17.2,1.3,1.3,23.3,51
2024-07-05,22.9,12.4,18.3,0.0,0.0,7.1,3
2024-07-06,23.5,14.8,18.3,18.3,18.3,14.8,63
2024-07-07,20.6,13.6,16.5,1.7,1.7,12.1,53
2024-07-08,25.8,10.9,19.0,0.0,0.0,9.4,3
2024-07-09,30.4,14.5,22.9,0.0,0.0,11.9,3
2024-07-10,24.9,19.1,21.6,5.1,5.1,8.8,61
2024-07-11,26.7,16.9,21.8,1.5,1.5,8.2,53
2024-07-12,23.6,16.2,20.1,24.4,24.4,17.3,65
2024-07-13,21.5,14.6,17.8,0.9,0.9,12.4,53
2024-07-14,24.1,11.5,18.0,0.0,0.0,9.7,3
2024-07-15,29.1,14.5,22.3,7.1,7.1,24.6,63
2024-07-16,23.4,15.9,19.8,0.6,0.6,20.9,51
2024-07-17,24.6,14.6,19.7,0.1,0.1,9.1,51
2024-07-18,26.9,15.3,20.9,0.0,0.0,12.1,3
2024-07-19,29.5,17.0,23.1,0.0,0.0,9.8,3
2024-07-20,30.0,16.8,24.3,0.0,0.0,7.2,3
2024-07-21,26.0,18.5,21.5,6.3,6.3,18.4,61
2024-07-22,24.9,17.8,20.6,7.9,7.9,15.3,63
2024-07-23,25.1,16.5,20.7,0.4,0.4,18.5,51
2024-07-24,23.0,15.2,19.2,0.9,0.9,13.0,51
2024-07-25,25.8,13.6,20.2,0.0,0.0,5.9,3
2024-07-26,27.9,15.0,22.1,0.0,0.0,8.1,3
2024-07-27,30.1,17.1,23.1,0.2,0.2,18.8,51
2024-07-28,24.1,16.2,20.4,3.8,3.8,11.3,55
2024-07-29,28.4,14.4,21.5,0.0,0.0,8.9,2
2024-07-30,32.2,17.9,24.7,0.0,0.0,10.3,3
2024-07-31,31.6,18.3,24.8,0.5,0.5,15.0,51
2024-08-01,26.4,18.9,22.9,0.5,0.5,12.3,51
2024-08-02,27.5,18.0,22.1,2.0,2.0,16.7,61
2024-08-03,26.0,16.1,21.1,0.1,0.1,14.9,51
2024-08-04,24.8,15.9,20.6,0.3,0.3,11.5,51
2024-08-05,26.2,16.2,20.9,0.0,0.0,9.4,3
2024-08-06,29.5,15.8,22.6,0.0,0.0,10.0,3
2024-08-07,26.5,17.8,22.3,0.3,0.3,12.8,51
2024-08-08,26.0,17.3,21.1,1.9,1.9,10.2,53
2024-08-09,28.3,14.5,21.7,0.0,0.0,11.9,2
2024-08-10,28.8,16.5,22.9,0.0,0.0,8.4,1
2024-08-11,30.0,17.7,24.1,0.0,0.0,9.3,3
2024-08-12,32.1,20.1,25.6,0.6,0.6,10.7,53
2024-08-13,31.7,18.5,25.2,0.0,0.0,10.5,3
2024-08-14,28.2,19.3,23.5,0.7,0.7,13.6,53
2024-08-15,28.4,17.8,22.7,0.0,0.0,11.9,3
2024-08-16,29.1,19.2,23.6,0.0,0.0,15.2,1
2024-08-17,27.5,18.3,23.2,0.0,0.0,9.2,3
2024-08-18,20.8,17.5,18.9,21.4,21.4,17.8,63
2024-08-19,23.0,16.5,19.2,4.0,4.0,15.0,55
2024-08-20,25.2,14.1,19.9,0.0,0.0,9.5,3
2024-08-21,21.8,13.1,18.6,1.5,1.5,16.2,55
2024-08-22,25.4,10.8,17.7,0.0,0.0,5.9,3
2024-08-23,28.5,12.0,20.4,0.0,0.0,15.5,3
2024-08-24,32.9,15.8,23.9,2.1,2.1,27.5,61
2024-08-25,21.1,15.0,18.0,22.2,22.2,21.1,65
2024-08-26,21.0,12.8,17.0,0.0,0.0,10.8,3
2024-08-27,25.7,11.5,18.6,0.0,0.0,10.0,3
2024-08-28,30.5,15.2,22.3,0.1,0.1,7.7,51
2024-08-29,31.2,15.9,23.7,0.0,0.0,8.6,3
2024-08-30,30.5,17.0,24.1,0.0,0.0,7.9,3
2024-08-31,28.0,18.5,23.2,0.0,0.0,11.0,3
2024-09-01,29.9,18.2,23.5,7.6,7.6,25.0,63
2024-09-02,27.0,16.4,21.2,0.4,0.4,10.0,51
2024-09-03,27.8,17.2,21.8,3.9,3.9,11.4,63
2024-09-04,24.3,17.4,20.6,2.3,2.3,9.0,53
2024-09-05,24.0,15.2,18.7,2.7,2.7,22.8,53
2024-09-06,24.7,14.5,18.8,0.0,0.0,10.0,3
2024-09-07,28.5,13.6,21.3,0.0,0.0,15.3,3
2024-09-08,20.2,15.4,18.1,20.2,20.2,15.0,63
2024-09-09,20.0,12.9,16.3,13.9,13.9,23.4,63
2024-09-10,17.8,12.2,15.2,0.3,0.3,19.2,51
2024-09-11,16.2,9.8,13.3,14.8,14.8,17.2,63
2024-09-12,13.8,6.2,10.0,6.2,6.2,14.8,61
2024-09-13,12.4,5.4,8.9,4.8,4.8,16.2,63
2024-09-14,13.8,8.2,10.6,2.6,2.6,13.2,53
2024-09-15,16.7,5.4,10.6,0.0,0.0,18.8,3
2024-09-16,14.3,6.8,10.8,0.9,0.9,12.3,51
2024-09-17,18.9,11.1,13.7,1.2,1.2,19.8,53
2024-09-18,21.2,8.4,14.0,0.0,0.0,15.9,3
2024-09-19,20.5,9.8,14.5,0.2,0.2,7.2,51
2024-09-20,22.8,9.2,15.4,0.0,0.0,9.2,2
2024-09-21,22.9,9.6,16.3,0.0,0.0,9.2,3
2024-09-22,22.5,12.1,16.6,4.7,4.7,13.3,61
2024-09-23,16.1,11.6,14.8,7.9,7.9,8.8,61
2024-09-24,19.0,11.0,14.4,2.4,2.4,22.3,55
2024-09-25,21.0,10.6,15.7,2.8,2.8,15.4,53
2024-09-26,19.3,14.4,16.6,26.4,26.4,30.4,63
2024-09-27,18.5,9.2,13.3,10.7,10.7,22.4,63
2024-09-28,12.0,6.8,10.6,7.0,7.0,15.4,53
2024-09-29,15.4,3.3,10.1,0.0,0.0,16.4,3
2024-09-30,19.4,9.7,14.3,1.2,1.2,21.5,51
2024-10-01,15.0,12.5,14.0,23.9,23.9,13.8,63
2024-10-02,15.1,10.2,12.1,9.0,9.0,17.6,63
2024-10-03,13.3,8.4,10.3,5.3,5.3,19.6,61
2024-10-04,13.2,7.3,9.7,2.3,2.3,19.0,53
2024-10-05,13.8,6.4,9.4,0.1,0.1,8.7,51
2024-10-06,15.7,6.6,10.5,0.2,0.2,15.5,51
2024-10-07,20.0,10.4,15.3,5.6,5.6,10.4,63
2024-10-08,15.4,11.3,14.0,17.1,17.1,8.5,63
2024-10-09,18.0,10.8,14.1,0.5,0.5,19.4,51
2024-10-10,18.2,10.9,14.1,1.5,1.5,33.9,53
2024-10-11,14.2,6.6,11.1,0.8,0.8,12.0,51
2024-10-12,15.1,4.4,10.1,4.2,4.2,14.1,55
2024-10-13,16.8,9.9,13.8,1.7,1.7,17.9,53
2024-10-14,21.0,6.9,14.1,2.0,2.0,15.6,61
2024-10-15,17.0,11.1,13.6,6.4,6.4,13.9,63
2024-10-16,18.6,9.9,14.0,0.6,0.6,13.1,53
2024-10-17,20.9,11.6,15.5,3.7,3.7,12.0,63
2024-10-18,17.7,8.6,13.6,2.0,2.0,13.6,55
2024-10-19,17.0,8.1,11.8,0.0,0.0,9.7,3
2024-10-20,17.4,8.1,12.0,0.0,0.0,7.1,3
2024-10-21,20.6,8.7,13.5,0.0,0.0,11.0,3
2024-10-22,17.5,12.4,14.8,3.1,3.1,12.3,61
2024-10-23,15.2,10.1,12.2,1.9,1.9,8.5,53
2024-10-24,18.4,9.8,13.5,0.9,0.9,11.7,51
2024-10-25,16.8,9.2,12.4,0.0,0.0,15.0,3
2024-10-26,16.6,8.4,11.3,0.0,0.0,11.8,3
2024-10-27,18.3,7.7,12.5,0.6,0.6,8.4,53
2024-10-28,17.9,7.6,11.7,0.0,0.0,9.2,2
2024-10-29,17.0,7.9,11.5,0.0,0.0,10.4,2
2024-10-30,14.1,7.2,10.3,0.0,0.0,8.3,3
2024-10-31,14.9,5.0,10.6,0.0,0.0,11.2,3
2024-11-01,16.0,5.6,10.1,0.0,0.0,8.2,3
2024-11-02,10.8,5.8,8.4,0.0,0.0,7.5,3
2024-11-03,14.3,5.3,9.0,0.0,0.0,13.5,3
2024-11-04,11.4,3.0,6.4,0.0,0.0,10.5,3
2024-11-05,14.8,4.0,8.8,0.0,0.0,9.2,3
2024-11-06,13.9,4.8,9.3,0.0,0.0,7.8,3
2024-11-07,9.4,5.6,7.7,0.0,0.0,10.5,3
2024-11-08,12.9,6.5,9.1,0.0,0.0,9.3,3
2024-11-09,13.4,4.0,8.2,0.0,0.0,11.8,3
2024-11-10,9.6,3.9,7.0,0.0,0.0,6.0,3
2024-11-11,8.5,5.8,7.0,3.3,3.3,9.9,61
2024-11-12,9.4,4.2,6.7,0.1,0.1,14.3,51
2024-11-13,5.8,3.7,4.7,0.0,0.0,10.3,3
2024-11-14,7.1,1.4,3.7,0.1,0.1,5.5,51
2024-11-15,8.6,0.2,4.2,0.0,0.0,6.5,3
2024-11-16,9.1,-0.2,3.2,0.0,0.0,7.1,3
2024-11-17,10.1,1.2,5.5,0.2,0.2,19.0,51
2024-11-18,10.1,6.2,7.7,0.1,0.1,22.6,51
2024-11-19,11.1,7.5,9.6,14.2,14.2,34.2,63
2024-11-20,9.6,1.5,4.3,14.5,14.4,27.4,71
2024-11-21,2.3,-0.2,1.3,29.9,0.3,16.4,75
2024-11-22,1.5,-4.0,-0.7,7.5,0.0,23.4,75
2024-11-23,2.5,-5.7,-0.5,1.0,0.0,14.8,73
2024-11-24,8.1,0.9,5.2,0.1,0.1,7.8,51
2024-11-25,16.8,3.3,9.3,7.1,7.1,15.1,63
2024-11-26,12.1,4.1,8.5,12.6,12.6,14.8,63
2024-11-27,11.4,3.7,7.1,0.0,0.0,7.6,3
2024-11-28,11.1,1.9,7.4,13.9,13.9,20.2,63
2024-11-29,5.9,-0.6,2.0,0.0,0.0,11.0,2
2024-11-30,6.4,-2.1,1.3,0.0,0.0,11.9,1
2024-12-01,7.1,-2.4,1.8,0.0,0.0,9.5,3
2024-12-02,10.6,2.7,6.8,9.7,9.7,14.0,61
2024-12-03,7.4,3.8,5.8,0.0,0.0,14.9,3
2024-12-04,5.3,2.1,3.6,0.4,0.4,8.1,51
2024-12-05,6.3,-2.4,2.3,3.9,2.0,9.8,73
2024-12-06,9.9,4.7,7.6,10.4,10.4,30.4,63
2024-12-07,9.2,3.5,6.0,7.8,7.8,23.1,61
2024-12-08,5.7,2.8,4.4,4.2,4.2,12.0,53
2024-12-09,5.9,2.7,4.0,2.3,2.3,15.1,51
2024-12-10,4.8,2.0,3.5,0.9,0.9,12.6,51
2024-12-11,4.3,2.7,3.5,0.0,0.0,12.3,3
2024-12-12,4.2,0.2,2.7,0.0,0.0,9.5,3
2024-12-13,4.1,-2.0,0.3,0.0,0.0,11.2,3
2024-12-14,3.8,-2.0,2.0,3.7,3.7,14.2,53
2024-12-15,5.2,0.6,2.9,0.4,0.4,15.9,51
2024-12-16,8.4,1.4,4.4,0.0,0.0,6.9,3
2024-12-17,7.5,-0.6,2.5,0.0,0.0,5.9,3
2024-12-18,10.9,-0.6,4.7,0.6,0.6,5.4,53
2024-12-19,13.9,3.0,7.4,8.5,8.5,23.6,63
2024-12-20,4.7,0.2,1.9,3.4,0.6,18.3,75
2024-12-21,7.8,0.1,4.1,1.5,1.5,17.1,53
2024-12-22,8.4,1.5,5.2,22.9,22.1,36.5,73
2024-12-23,4.7,0.6,2.3,9.1,4.9,21.3,73
2024-12-24,4.7,0.5,2.1,1.2,0.5,12.1,73
2024-12-25,5.4,-0.9,1.8,0.0,0.0,9.6,3
2024-12-26,4.5,-2.3,-0.1,0.0,0.0,6.9,0
2024-12-27,4.3,-3.0,-1.0,0.0,0.0,9.0,2
2024-12-28,6.1,-3.0,-0.2,0.0,0.0,6.4,2
2024-12-29,3.2,-4.8,-1.7,0.0,0.0,3.6,3
2024-12-30,0.8,-4.2,-1.7,0.0,0.0,4.1,3
2024-12-31,5.2,-4.5,-0.7,0.0,0.0,4.9,2
2025-01-01,9.2,-4.8,0.9,0.0,0.0,5.8,3
2025-01-02,9.9,1.2,5.3,16.8,15.8,20.7,73
2025-01-03,2.3,-2.6,0.2,0.0,0.0,13.0,3
2025-01-04,1.9,-4.8,-1.5,2.7,2.7,11.8,61
2025-01-05,9.1,0.6,3.9,18.5,18.5,11.8,63
2025-01-06,13.0,-0.3,6.4,8.3,8.3,21.0,61
2025-01-07,6.8,1.9,4.5,2.8,2.3,23.9,73
2025-01-08,12.6,2.7,6.5,18.0,18.0,26.8,63
2025-01-09,12.5,2.0,8.1,10.6,10.6,29.6,63
2025-01-10,4.3,-0.2,1.5,0.0,0.0,12.3,3
2025-01-11,1.4,-2.9,-0.9,0.0,0.0,9.6,3
2025-01-12,1.4,-3.7,-1.6,0.1,0.0,11.7,71
2025-01-13,2.2,-4.2,-2.3,0.0,0.0,7.3,3
2025-01-14,2.2,-5.1,-2.3,0.0,0.0,9.5,3
2025-01-15,2.4,-5.3,-1.4,0.0,0.0,6.8,3
2025-01-16,4.6,-1.2,0.8,0.0,0.0,7.6,3
2025-01-17,3.4,-1.4,0.7,0.0,0.0,10.1,3
2025-01-18,5.0,-2.6,0.5,0.0,0.0,11.3,3
2025-01-19,5.2,-2.4,0.1,0.0,0.0,9.1,3
2025-01-20,7.7,-2.0,0.8,0.0,0.0,5.9,3
2025-01-21,6.8,-4.2,-0.3,0.0,0.0,9.6,3
2025-01-22,2.7,-1.2,0.9,3.9,3.9,12.9,53
2025-01-23,8.1,1.1,4.7,8.1,8.1,25.2,63
2025-01-24,10.9,-0.8,5.5,0.0,0.0,8.9,3
2025-01-25,15.5,4.7,8.5,0.4,0.4,10.0,51
2025-01-26,11.0,5.2,7.6,5.4,5.4,20.3,63
2025-01-27,9.3,6.6,8.0,15.6,15.6,17.9,63
2025-01-28,10.0,4.9,7.2,2.0,2.0,19.4,53
2025-01-29,10.6,2.8,6.9,4.3,4.1,24.7,71
2025-01-30,8.1,2.1,4.8,3.8,3.8,9.8,53
2025-01-31,5.8,0.3,4.0,2.1,2.1,11.5,53
2025-02-01,3.7,-0.9,1.1,0.0,0.0,8.3,3
2025-02-02,5.7,-1.1,2.4,0.0,0.0,8.3,3
2025-02-03,5.0,-2.1,1.6,0.0,0.0,9.8,3
2025-02-04,5.2,-2.3,1.5,0.0,0.0,6.6,3
2025-02-05,4.8,-4.1,-0.6,0.0,0.0,4.9,3
2025-02-06,1.5,-1.5,0.1,0.0,0.0,10.2,3
2025-02-07,6.3,-0.1,2.4,0.0,0.0,15.0,3
2025-02-08,8.5,-1.2,2.1,0.0,0.0,12.4,3
2025-02-09,7.9,0.4,3.8,0.0,0.0,11.7,3
2025-02-10,5.7,0.4,3.1,8.3,8.3,14.5,61
2025-02-11,9.1,3.7,6.0,4.2,4.2,9.3,53
2025-02-12,13.2,5.2,7.9,1.7,1.7,7.9,53
2025-02-13,6.9,2.5,4.7,15.1,15.0,12.1,71
2025-02-14,2.2,-2.3,-0.2,4.2,0.4,16.5,75
2025-02-15,4.0,-2.8,-0.2,0.0,0.0,11.8,3
2025-02-16,5.4,-2.3,0.6,0.0,0.0,10.4,3
2025-02-17,4.7,-3.0,0.7,0.0,0.0,13.8,3
2025-02-18,5.5,-2.2,1.2,0.0,0.0,13.1,3
2025-02-19,8.4,-1.6,2.6,0.0,0.0,15.1,3
2025-02-20,13.8,1.2,6.7,0.0,0.0,7.4,3
2025-02-21,13.8,3.1,7.5,0.0,0.0,12.0,3
2025-02-22,15.5,4.6,9.1,2.9,2.9,8.2,61
2025-02-23,11.9,4.0,8.4,2.9,2.9,10.1,53
2025-02-24,13.1,4.1,8.4,0.0,0.0,9.2,3
2025-02-25,11.9,6.4,8.5,3.0,3.0,18.2,53
2025-02-26,7.5,2.1,5.3,1.5,1.5,25.4,51
2025-02-27,8.9,1.7,4.8,3.8,3.8,15.5,53
2025-02-28,6.3,0.6,3.4,0.3,0.3,9.6,51
2025-03-01,8.6,-0.2,3.3,0.0,0.0,17.4,3
2025-03-02,9.6,-1.5,2.9,0.0,0.0,13.5,3
2025-03-03,10.5,-2.0,3.1,0.0,0.0,6.7,0
2025-03-04,12.5,-1.1,4.2,0.0,0.0,8.3,3
2025-03-05,14.1,-1.2,5.0,0.0,0.0,8.2,0
2025-03-06,15.6,-1.8,5.8,0.0,0.0,6.0,2
2025-03-07,15.1,1.8,7.4,0.0,0.0,6.0,3
2025-03-08,15.9,0.3,7.4,0.0,0.0,9.5,3
2025-03-09,16.6,1.4,8.2,0.0,0.0,8.5,3
2025-03-10,12.4,3.8,8.1,2.3,2.3,11.1,53
2025-03-11,14.2,2.2,6.8,7.5,7.5,14.5,63
2025-03-12,8.6,4.9,6.5,18.1,18.1,10.1,63
2025-03-13,9.9,2.3,5.5,6.1,6.1,21.2,61
2025-03-14,6.9,0.1,3.7,0.0,0.0,14.8,3
2025-03-15,6.8,2.2,4.5,2.1,2.1,18.1,51
2025-03-16,4.9,2.8,3.7,5.8,5.8,10.4,53
2025-03-17,10.4,2.5,5.3,0.0,0.0,18.0,3
2025-03-18,10.4,0.1,4.7,0.0,0.0,14.9,0
2025-03-19,14.7,-0.5,6.2,0.0,0.0,8.4,0
2025-03-20,18.0,1.5,9.5,0.0,0.0,10.9,3
2025-03-21,17.3,5.8,11.4,0.0,0.0,15.5,3
2025-03-22,18.9,8.2,12.7,0.1,0.1,13.5,51
2025-03-23,13.0,7.5,10.0,17.8,17.8,15.0,63
2025-03-24,14.5,5.2,9.4,7.0,7.0,11.0,63
2025-03-25,15.7,5.6,10.5,0.8,0.8,10.3,51
2025-03-26,12.0,6.5,9.1,0.1,0.1,12.4,51
2025-03-27,12.8,5.3,8.6,0.6,0.6,14.1,51
2025-03-28,13.9,3.4,8.7,0.0,0.0,11.1,3
2025-03-29,11.0,6.9,8.8,2.0,2.0,17.8,53
2025-03-30,13.9,3.0,8.8,0.0,0.0,19.3,3
2025-03-31,11.2,4.8,7.8,0.6,0.6,14.6,51
2025-04-01,11.9,2.7,7.5,0.1,0.1,28.4,51
2025-04-02,17.5,3.2,10.4,0.0,0.0,17.4,1
2025-04-03,19.0,5.3,11.9,0.0,0.0,9.1,3
2025-04-04,20.3,5.4,12.6,0.0,0.0,6.8,0
2025-04-05,20.3,5.7,12.9,0.0,0.0,7.3,3
2025-04-06,13.8,4.8,9.3,0.0,0.0,16.1,0
2025-04-07,14.1,1.1,7.3,0.0,0.0,9.1,0
2025-04-08,15.8,2.5,8.8,0.0,0.0,10.5,3
2025-04-09,16.5,2.8,9.9,0.0,0.0,12.7,3
2025-04-10,17.5,3.6,10.3,0.0,0.0,10.4,2
2025-04-11,19.9,3.7,11.3,0.0,0.0,9.0,0
2025-04-12,22.8,4.9,13.9,0.0,0.0,9.5,3
2025-04-13,17.2,10.6,13.6,1.2,1.2,8.1,53
2025-04-14,19.2,11.1,15.0,9.0,9.0,10.9,63
2025-04-15,17.5,10.2,13.1,7.7,7.7,9.2,61
2025-04-16,14.4,7.9,10.6,8.4,8.4,25.1,61
2025-04-17,9.8,6.2,8.1,11.0,11.0,15.4,55
2025-04-18,11.9,5.1,8.2,0.4,0.4,12.9,51
2025-04-19,20.3,1.6,10.9,0.0,0.0,10.1,3
2025-04-20,13.9,6.9,10.5,1.2,1.2,21.6,51
2025-04-21,14.6,6.6,10.1,8.6,8.6,13.3,63
2025-04-22,17.8,5.6,12.0,0.0,0.0,5.8,3
2025-04-23,15.8,7.6,11.0,5.5,5.5,16.8,61
2025-04-24,14.1,7.7,10.6,3.1,3.1,14.4,55
2025-04-25,15.2,8.4,11.0,8.2,8.2,15.4,61
2025-04-26,15.4,7.3,11.5,0.2,0.2,8.7,51
2025-04-27,19.2,7.2,12.7,1.2,1.2,6.1,53
2025-04-28,20.8,8.6,14.2,0.0,0.0,10.0,3
2025-04-29,22.5,9.5,15.5,0.0,0.0,9.6,3
2025-04-30,23.5,9.8,16.8,0.0,0.0,6.2,0
2025-05-01,25.4,10.0,17.6,0.0,0.0,7.8,0
2025-05-02,26.2,11.1,19.1,0.0,0.0,8.1,3
2025-05-03,23.1,14.9,17.8,13.1,13.1,16.3,63
2025-05-04,15.9,9.3,12.9,5.1,5.1,17.4,53
2025-05-05,10.4,6.8,8.7,14.7,14.7,15.3,61
2025-05-06,12.9,6.8,9.9,0.9,0.9,15.7,51
2025-05-07,13.7,7.0,9.7,3.8,3.8,9.8,53
2025-05-08,15.7,8.3,11.0,4.1,4.1,12.0,63
2025-05-09,16.6,6.1,11.2,0.0,0.0,17.5,3
2025-05-10,19.6,6.1,13.0,0.0,0.0,9.1,0
2025-05-11,22.1,8.1,15.3,0.0,0.0,8.0,0
2025-05-12,19.8,9.9,14.3,1.0,1.0,15.4,51
2025-05-13,20.2,10.6,14.9,2.0,2.0,9.0,53
2025-05-14,22.1,8.1,15.7,0.0,0.0,8.0,1
2025-05-15,20.8,9.2,14.9,0.0,0.0,18.0,3
2025-05-16,19.1,6.8,13.1,0.0,0.0,16.4,3
2025-05-17,20.4,8.0,14.2,0.0,0.0,10.1,3
2025-05-18,22.0,8.6,15.2,0.0,0.0,12.1,3
2025-05-19,24.5,8.9,17.2,0.0,0.0,13.2,3
2025-05-20,22.3,13.1,16.7,10.1,10.1,10.3,63
2025-05-21,20.5,12.1,15.3,22.6,22.6,19.1,65
2025-05-22,15.1,9.2,11.7,15.5,15.5,12.4,63
2025-05-23,16.7,7.0,11.7,5.6,5.6,10.3,61
2025-05-24,17.0,5.4,11.9,0.2,0.2,10.8,51
2025-05-25,20.7,11.1,15.0,3.0,3.0,18.0,55
2025-05-26,17.9,12.2,14.5,2.7,2.7,17.1,55
2025-05-27,19.2,11.2,15.3,0.1,0.1,14.7,51
2025-05-28,18.2,13.2,15.6,13.9,13.9,25.6,63
2025-05-29,21.8,12.8,16.6,1.1,1.1,14.3,53
2025-05-30,25.8,10.4,18.5,0.0,0.0,5.8,3
2025-05-31,29.5,12.6,21.4,0.0,0.0,9.4,3
2025-06-01,28.2,16.4,21.4,7.2,7.2,17.8,63
2025-06-02,21.4,15.6,17.6,10.9,10.9,19.3,63
2025-06-03,23.5,14.6,18.6,1.2,1.2,13.3,53
2025-06-04,21.8,15.1,17.6,12.1,12.1,15.7,61
2025-06-05,19.5,12.9,16.5,0.9,0.9,13.2,53
2025-06-06,23.8,15.1,18.9,5.9,5.9,17.4,61
2025-06-07,19.4,15.2,17.0,3.7,3.7,19.8,55
2025-06-08,18.4,11.9,16.0,2.8,2.8,26.2,61
2025-06-09,21.1,8.9,15.8,0.0,0.0,6.6,1
2025-06-10,24.6,10.0,18.2,0.0,0.0,12.3,3
2025-06-11,25.0,12.9,19.0,0.0,0.0,9.7,3
2025-06-12,30.2,13.6,21.9,0.0,0.0,11.2,3
2025-06-13,32.8,17.2,24.9,0.0,0.0,10.1,3
2025-06-14,33.3,18.9,25.9,0.1,0.1,12.9,51
2025-06-15,28.0,17.2,21.5,7.6,7.6,19.3,63
2025-06-16,22.2,15.2,18.1,3.7,3.7,11.7,61
2025-06-17,25.4,12.2,19.0,0.0,0.0,16.6,0
2025-06-18,26.6,13.8,20.5,0.0,0.0,7.3,3
2025-06-19,27.5,15.6,21.6,0.0,0.0,14.8,0
2025-06-20,27.5,15.6,21.4,0.0,0.0,16.2,3
2025-06-21,29.2,15.0,22.5,0.0,0.0,6.6,2
2025-06-22,33.0,15.9,25.0,0.0,0.0,10.8,3
2025-06-23,27.6,18.5,23.5,2.0,2.0,19.6,61
2025-06-24,29.4,16.3,23.2,0.0,0.0,12.5,0
2025-06-25,32.6,15.1,24.9,0.0,0.0,8.1,3
2025-06-26,27.1,19.6,23.6,0.3,0.3,24.1,51
2025-06-27,28.3,17.2,23.0,0.2,0.2,12.4,51
2025-06-28,30.9,17.4,24.7,0.0,0.0,7.5,1
2025-06-29,32.5,19.0,26.0,0.0,0.0,13.1,2
2025-06-30,32.1,19.9,26.1,1.9,1.9,12.9,61
2025-07-01,33.0,20.9,27.3,0.0,0.0,7.1,3
2025-07-02,35.5,19.6,28.4,0.1,0.1,13.1,51
2025-07-03,26.8,19.9,23.9,2.8,2.8,14.0,63
2025-07-04,27.5,16.7,22.0,3.4,3.4,10.4,63
2025-07-05,29.2,15.1,22.4,0.0,0.0,14.2,3
2025-07-06,26.4,15.8,19.9,1.3,1.3,24.1,53
2025-07-07,20.2,13.9,16.4,14.6,14.6,23.2,63
2025-07-08,16.1,12.6,14.2,11.0,11.0,18.0,63
2025-07-09,20.5,10.6,15.9,0.0,0.0,9.0,3
2025-07-10,23.7,10.9,17.8,0.0,0.0,8.5,1
2025-07-11,25.4,13.2,19.6,0.0,0.0,12.1,0
2025-07-12,26.1,13.8,20.3,0.0,0.0,10.5,3
2025-07-13,27.9,14.9,21.5,5.1,5.1,11.7,63
2025-07-14,25.9,18.3,22.1,2.3,2.3,17.8,53
2025-07-15,25.0,17.5,21.2,0.4,0.4,18.8,51
2025-07-16,22.1,16.6,19.0,1.8,1.8,16.4,51
2025-07-17,25.3,14.9,20.0,0.1,0.1,12.8,51
2025-07-18,27.6,14.1,21.4,0.0,0.0,8.6,3
2025-07-19,30.1,16.4,21.8,1.4,1.4,18.2,55
2025-07-20,29.5,17.1,22.1,12.2,12.2,14.9,65
2025-07-21,22.9,17.3,19.6,6.6,6.6,15.1,61
2025-07-22,22.3,15.6,18.9,0.1,0.1,21.0,51
2025-07-23,24.3,12.9,19.3,0.0,0.0,11.2,3
2025-07-24,22.5,14.7,18.5,4.9,4.9,12.8,63
2025-07-25,22.0,13.7,18.1,2.2,2.2,7.4,53
2025-07-26,23.0,14.1,18.0,6.4,6.4,11.2,63
2025-07-27,22.2,15.2,17.9,39.5,39.5,15.5,65
2025-07-28,17.9,12.9,15.0,17.8,17.8,16.9,63
2025-07-29,20.5,11.7,16.4,0.3,0.3,10.2,51
2025-07-30,21.9,12.4,17.0,3.8,3.8,14.2,63
2025-07-31,22.8,14.6,18.7,3.3,3.3,13.8,63
2025-08-01,23.0,14.9,18.3,13.8,13.8,16.8,65
2025-08-02,18.7,13.9,15.6,29.3,29.3,11.0,65
2025-08-03,20.7,12.2,16.4,0.2,0.2,9.3,51
2025-08-04,24.2,12.4,18.4,0.0,0.0,8.0,3
2025-08-05,26.3,15.1,19.8,0.1,0.1,18.4,51
2025-08-06,22.8,12.1,17.0,0.0,0.0,12.5,3
2025-08-07,26.9,12.3,19.7,0.0,0.0,6.3,2
2025-08-08,31.3,15.6,23.2,0.0,0.0,8.9,0
2025-08-09,33.7,17.0,25.2,0.0,0.0,11.3,0
2025-08-10,28.6,18.6,23.1,0.0,0.0,15.2,0
2025-08-11,30.4,15.8,23.1,0.0,0.0,11.1,0
2025-08-12,34.3,18.3,26.4,0.0,0.0,9.8,0
2025-08-13,33.5,18.8,26.3,0.0,0.0,5.8,1
2025-08-14,31.7,19.5,25.7,0.0,0.0,9.7,3
2025-08-15,31.0,19.2,25.0,0.0,0.0,8.7,3
2025-08-16,28.0,18.8,23.0,2.4,2.4,13.5,61
2025-08-17,26.0,16.1,20.9,0.0,0.0,13.1,3
2025-08-18,27.6,13.6,20.5,0.0,0.0,9.5,2
2025-08-19,30.5,15.5,23.1,0.1,0.1,16.4,51
2025-08-20,24.5,17.8,20.0,7.0,7.0,11.9,55
2025-08-21,18.1,15.6,17.1,21.0,21.0,12.6,63
2025-08-22,21.4,14.8,17.5,0.0,0.0,12.1,3
2025-08-23,19.9,13.1,16.4,0.0,0.0,9.4,3
2025-08-24,21.5,10.9,15.8,0.0,0.0,9.1,1
2025-08-25,24.2,10.8,17.3,0.0,0.0,7.0,3
2025-08-26,28.9,12.7,21.0,0.7,0.7,13.5,53
2025-08-27,24.5,17.2,20.6,2.0,2.0,10.2,53
2025-08-28,20.4,16.5,18.5,33.9,33.9,10.9,63
2025-08-29,22.4,12.0,17.0,4.1,4.1,11.5,61
2025-08-30,19.7,12.9,16.4,0.6,0.6,12.3,51
2025-08-31,25.4,12.6,18.3,0.0,0.0,11.9,3
2025-09-01,20.1,15.1,17.2,9.7,9.7,13.2,63
2025-09-02,20.5,12.1,16.1,1.9,1.9,13.0,55
2025-09-03,25.3,13.6,18.9,1.4,1.4,11.1,61
2025-09-04,21.6,15.4,18.0,6.4,6.4,11.6,61
2025-09-05,19.2,12.2,15.8,3.9,3.9,15.2,63
2025-09-06,21.9,9.4,15.6,0.0,0.0,12.5,3
2025-09-07,25.1,11.6,17.9,0.0,0.0,11.2,3
2025-09-08,20.8,14.2,17.7,0.6,0.6,10.9,51
2025-09-09,20.2,14.5,17.4,25.1,25.1,21.1,65
2025-09-10,21.1,12.6,16.1,0.5,0.5,10.2,51
2025-09-11,19.7,12.8,15.9,1.7,1.7,21.7,51
2025-09-12,19.1,12.5,15.4,7.1,7.1,16.0,63
2025-09-13,20.3,10.6,15.2,1.4,1.4,8.3,53
2025-09-14,21.1,13.7,17.1,7.3,7.3,16.0,63
2025-09-15,24.4,16.1,19.9,0.6,0.6,23.8,51
2025-09-16,18.0,12.9,15.3,0.0,0.0,20.8,3
2025-09-17,20.1,10.1,14.8,0.0,0.0,6.3,3
2025-09-18,24.6,10.2,16.6,0.0,0.0,6.2,1
2025-09-19,26.5,11.1,18.4,0.0,0.0,10.3,1
2025-09-20,27.8,15.1,20.7,0.2,0.2,10.7,51
2025-09-21,21.4,13.3,17.5,25.6,25.6,16.4,63
2025-09-22,13.2,10.6,11.9,31.4,31.4,20.6,63
2025-09-23,11.4,9.6,10.4,12.6,12.6,17.7,63
2025-09-24,12.3,9.8,10.7,11.1,11.1,12.0,63
2025-09-25,14.2,9.9,11.4,0.5,0.5,11.6,51
2025-09-26,12.6,9.4,10.5,9.1,9.1,8.6,61
2025-09-27,15.1,8.7,11.5,2.4,2.4,6.3,53
2025-09-28,17.1,7.4,11.7,0.0,0.0,10.8,3
2025-09-29,16.4,9.7,12.7,0.3,0.3,6.2,51
2025-09-30,16.7,8.4,12.0,0.1,0.1,10.1,51
2025-10-01,13.8,8.1,10.8,0.8,0.8,10.3,51
2025-10-02,14.1,4.0,8.8,0.0,0.0,9.4,1
2025-10-03,13.6,4.4,9.1,0.0,0.0,10.7,3
2025-10-04,20.6,9.3,13.5,8.6,8.6,27.7,61
2025-10-05,12.3,7.8,9.6,3.2,3.2,23.4,61
2025-10-06,14.4,8.2,11.2,0.3,0.3,14.0,51
2025-10-07,16.9,7.6,12.4,0.0,0.0,7.9,3
2025-10-08,17.0,7.4,12.1,0.0,0.0,5.7,3
2025-10-09,15.4,10.6,12.9,0.8,0.8,11.0,51
2025-10-10,15.5,8.6,11.5,0.0,0.0,8.3,3
2025-10-11,16.1,9.2,11.9,0.0,0.0,11.1,3
2025-10-12,15.2,5.9,10.6,0.0,0.0,8.6,3
2025-10-13,14.1,7.8,10.9,0.0,0.0,8.7,3
2025-10-14,15.6,9.0,12.3,0.0,0.0,10.3,3
2025-10-15,14.1,6.4,10.0,0.0,0.0,8.3,3
2025-10-16,12.6,7.2,9.5,0.2,0.2,9.0,51
2025-10-17,13.4,5.9,9.5,0.0,0.0,8.3,3
2025-10-18,14.9,3.9,8.9,0.0,0.0,10.8,3
2025-10-19,14.9,5.2,10.0,0.0,0.0,12.0,3
2025-10-20,14.1,9.2,11.5,9.3,9.3,12.7,61
2025-10-21,17.9,9.5,13.0,40.9,40.9,12.7,65
2025-10-22,18.4,12.1,14.0,31.4,31.4,9.2,63
2025-10-23,16.1,9.4,12.9,13.1,13.1,30.6,63
2025-10-24,11.1,5.3,8.2,5.3,5.3,27.3,61
2025-10-25,12.1,6.9,9.4,10.9,10.9,20.6,63
2025-10-26,10.0,6.2,7.9,5.2,5.2,22.3,61
2025-10-27,10.9,6.3,8.4,17.6,17.6,30.9,61
2025-10-28,14.5,8.4,10.9,0.1,0.1,20.5,51
2025-10-29,15.3,5.5,9.9,4.1,4.1,12.0,61
2025-10-30,14.9,6.6,11.3,10.9,10.9,15.3,63
2025-10-31,15.1,6.4,10.3,0.0,0.0,10.5,3
2025-11-01,16.5,8.7,12.2,10.0,10.0,11.3,63
2025-11-02,12.6,8.2,11.1,15.3,15.3,15.6,63
2025-11-03,13.4,5.5,8.9,0.2,0.2,12.5,51
2025-11-04,12.7,4.2,7.4,0.0,0.0,11.4,3
2025-11-05,13.0,3.5,7.5,0.0,0.0,11.2,3
2025-11-06,11.2,2.5,6.4,0.0,0.0,10.6,3
2025-11-07,10.6,3.2,6.0,0.0,0.0,8.7,3
2025-11-08,9.1,3.0,5.7,0.0,0.0,6.1,3
2025-11-09,11.2,4.6,7.7,3.0,3.0,6.8,53
2025-11-10,10.8,5.0,7.4,0.0,0.0,12.0,3
2025-11-11,14.9,6.3,9.4,0.0,0.0,9.2,3
2025-11-12,14.6,4.2,8.6,0.0,0.0,11.3,3
2025-11-13,18.0,6.2,11.3,0.0,0.0,10.7,3
2025-11-14,14.9,7.2,10.7,0.0,0.0,12.9,3
2025-11-15,17.4,9.3,12.0,3.3,3.3,12.9,61
2025-11-16,10.4,6.8,8.8,6.3,6.3,8.5,55
2025-11-17,9.2,0.9,6.1,16.9,15.1,20.4,73
2025-11-18,4.6,-1.0,1.2,0.0,0.0,7.2,3
2025-11-19,6.4,-2.8,1.2,2.2,2.2,9.6,53
2025-11-20,4.2,-0.6,2.3,3.0,2.5,20.9,73
2025-11-21,2.0,-1.7,0.0,0.4,0.2,16.0,71
2025-11-22,-0.6,-3.8,-2.7,0.0,0.0,10.3,3
2025-11-23,4.8,-5.2,-0.6,5.4,4.3,16.1,73
2025-11-24,5.9,2.2,3.4,32.0,32.0,14.6,63
2025-11-25,5.9,1.3,3.2,11.2,8.4,19.5,75
2025-11-26,4.1,-0.9,2.4,3.2,2.9,12.6,73
2025-11-27,4.8,-2.0,1.5,0.0,0.0,5.7,3
2025-11-28,5.2,-2.0,2.1,0.2,0.2,7.5,51
2025-11-29,10.8,2.2,5.7,1.8,1.8,9.8,53
2025-11-30,8.9,2.8,5.0,5.7,5.7,16.8,53
2025-12-01,6.2,2.0,4.3,0.3,0.3,10.3,51
2025-12-02,7.4,0.3,3.1,0.0,0.0,11.2,3
2025-12-03,5.9,1.8,3.3,0.0,0.0,10.7,3
2025-12-04,7.0,2.6,4.1,0.9,0.9,13.0,51
2025-12-05,7.3,1.5,4.2,1.3,1.3,7.6,51
2025-12-06,10.1,1.5,5.5,14.1,14.1,11.0,63
2025-12-07,12.6,6.4,9.0,13.5,13.5,20.8,61
2025-12-08,15.4,7.1,12.0,1.0,1.0,22.1,53
2025-12-09,12.8,5.3,8.3,0.0,0.0,10.8,3
2025-12-10,12.0,4.7,8.1,0.0,0.0,7.6,3
2025-12-11,9.9,5.7,8.1,0.7,0.7,10.5,51
2025-12-12,8.9,3.7,6.5,0.0,0.0,11.7,3
2025-12-13,8.8,1.9,4.7,0.0,0.0,6.8,3
2025-12-14,5.7,1.1,3.2,0.0,0.0,12.0,3
2025-12-15,6.3,0.1,2.3,0.0,0.0,14.7,3
2025-12-16,5.4,0.6,2.0,0.0,0.0,13.0,3
2025-12-17,8.9,0.6,4.1,0.0,0.0,6.6,3
2025-12-18,10.1,1.5,4.6,0.0,0.0,11.6,3
2025-12-19,8.9,2.5,5.7,0.1,0.1,11.2,51
2025-12-20,9.5,4.3,6.6,0.8,0.8,11.5,51
2025-12-21,6.7,1.5,3.7,0.0,0.0,13.1,3
2025-12-22,4.2,0.6,2.2,0.0,0.0,11.6,3
2025-12-23,3.7,-0.9,1.3,0.0,0.0,11.5,3
2025-12-24,2.5,1.2,2.0,1.2,1.0,17.7,71
2025-12-25,2.5,-0.6,0.7,0.0,0.0,8.8,3
2025-12-26,3.5,-2.3,-0.2,0.0,0.0,8.9,3
2025-12-27,3.3,-1.5,0.2,0.0,0.0,12.4,2
2025-12-28,1.5,-2.5,-1.1,0.0,0.0,10.5,3
2025-12-29,1.8,-3.2,-1.4,0.0,0.0,8.9,3
2025-12-30,2.1,-3.4,-1.4,0.0,0.0,10.3,3
2025-12-31,0.6,-5.6,-3.0,0.0,0.0,5.0,1
2026-01-01,3.2,-7.2,-2.7,0.0,0.0,12.8,3
2026-01-02,2.4,-1.4,1.2,2.0,0.6,19.4,73
2026-01-03,1.5,-2.6,-0.9,0.3,0.0,17.7,73
2026-01-04,-0.1,-5.3,-2.6,0.0,0.0,11.4,3
2026-01-05,-0.6,-7.4,-3.8,0.0,0.0,6.3,3
2026-01-06,-2.2,-8.9,-5.1,0.7,0.0,5.5,73
2026-01-07,-0.4,-6.2,-2.7,0.5,0.0,12.2,73
2026-01-08,4.8,-0.3,2.0,8.7,8.3,15.1,71
2026-01-09,7.2,3.0,5.6,8.1,6.6,27.3,73
2026-01-10,3.0,0.2,1.7,6.1,2.3,26.9,73
2026-01-11,3.0,-1.7,0.4,1.1,0.0,10.2,73
2026-01-12,6.3,-2.0,2.7,0.5,0.5,10.0,51
2026-01-13,9.6,-0.5,3.0,0.0,0.0,10.3,3
2026-01-14,10.5,-0.1,3.3,0.0,0.0,7.1,3
2026-01-15,11.4,1.9,5.7,0.9,0.9,11.6,51
2026-01-16,8.1,1.0,4.0,0.0,0.0,11.3,3
2026-01-17,8.2,-0.3,4.1,0.0,0.0,11.5,3
2026-01-18,4.2,-1.0,0.6,0.0,0.0,9.8,3
2026-01-19,6.1,-1.4,1.1,0.0,0.0,8.1,3
2026-01-20,5.5,-1.7,0.7,0.0,0.0,9.6,3
2026-01-21,5.9,-1.9,0.9,0.0,0.0,10.8,3
2026-01-22,3.5,-3.2,0.3,0.0,0.0,10.2,3
2026-01-23,5.7,-0.9,1.3,0.9,0.9,13.6,53
2026-01-24,5.3,-1.3,1.5,0.3,0.3,11.4,51
2026-01-25,5.9,0.6,2.6,0.0,0.0,7.3,3
2026-01-26,6.6,0.8,3.4,2.3,2.3,20.2,53
2026-01-27,4.0,-1.2,1.2,11.7,11.7,15.6,61
2026-01-28,4.4,1.5,2.8,16.5,16.4,10.3,71
2026-01-29,6.4,-1.1,2.8,3.6,3.6,14.1,53
2026-01-30,5.3,-1.2,2.3,0.9,0.9,11.4,51
2026-01-31,6.7,1.1,3.3,0.0,0.0,13.9,3
2026-02-01,7.2,1.3,3.7,0.1,0.1,11.9,51
2026-02-02,8.2,1.5,4.8,0.7,0.7,13.5,51
2026-02-03,8.6,2.8,4.9,4.4,4.4,10.4,61
2026-02-04,6.2,-1.7,2.1,0.5,0.5,12.9,53
2026-02-05,8.2,-1.4,2.8,0.0,0.0,13.6,3
2026-02-06,11.1,1.9,5.4,3.4,3.2,12.9,71
2026-02-07,11.9,2.2,6.1,0.7,0.7,6.5,53
2026-02-08,6.8,0.6,3.6,0.1,0.1,10.0,51
2026-02-09,9.0,3.5,5.2,0.0,0.0,10.9,3
2026-02-10,9.9,2.0,5.9,9.4,9.4,19.9,61
2026-02-11,11.1,6.4,9.0,25.7,25.7,25.6,63
2026-02-12,9.1,6.5,7.7,17.9,17.9,36.7,63
2026-02-13,11.1,5.4,7.7,1.2,1.2,23.3,51
2026-02-14,6.2,1.3,4.3,2.8,2.8,21.5,53
2026-02-15,5.9,0.6,2.8,3.9,3.8,13.7,71
2026-02-16,8.8,3.5,6.1,15.7,15.2,27.4,73
2026-02-17,7.1,1.9,3.9,15.3,5.3,24.5,75
2026-02-18,3.1,-0.8,1.5,4.8,3.9,17.9,73
2026-02-19,8.9,2.0,5.3,8.0,8.0,16.4,53
2026-02-20,7.8,3.2,5.4,0.8,0.8,13.9,51
2026-02-21,10.4,6.6,8.3,5.4,5.4,25.5,63
2026-02-22,13.0,8.0,10.0,0.6,0.6,18.0,51
2026-02-23,13.4,8.8,10.3,3.6,3.6,19.4,61
2026-02-24,15.9,8.0,11.7,0.0,0.0,16.7,3
2026-02-25,15.2,4.4,9.1,0.0,0.0,14.1,3
2026-02-26,16.8,4.0,9.7,0.0,0.0,6.9,3
2026-02-27,19.2,4.8,10.9,0.0,0.0,9.2,1
2026-02-28,13.1,4.8,8.4,0.1,0.1,12.0,51
2026-03-01,12.4,5.7,8.7,1.1,1.1,10.5,51
2026-03-02,13.9,2.3,7.6,0.0,0.0,10.7,3
2026-03-03,15.7,1.6,8.2,0.0,0.0,8.5,2
2026-03-04,14.6,1.7,7.9,0.0,0.0,11.3,3
2026-03-05,15.4,3.2,8.7,0.0,0.0,12.7,3
2026-03-06,16.4,3.2,9.1,0.0,0.0,9.1,3
2026-03-07,16.8,2.8,9.6,0.0,0.0,6.8,3
2026-03-08,16.8,2.3,9.9,0.0,0.0,7.4,3
2026-03-09,17.0,5.4,10.5,0.1,0.1,6.5,51
2026-03-10,15.1,4.3,9.4,1.1,1.1,13.7,51
2026-03-11,14.8,5.8,9.6,8.0,8.0,14.7,55
2026-03-12,12.7,4.3,8.5,3.0,3.0,16.4,61
2026-03-13,16.2,1.4,8.9,0.0,0.0,12.8,3
2026-03-14,10.1,2.9,5.1,13.7,13.7,21.6,61
2026-03-15,8.1,2.1,4.9,1.0,1.0,10.6,51
2026-03-16,8.8,1.9,5.4,0.0,0.0,18.4,3
2026-03-17,13.2,1.1,7.5,0.0,0.0,11.8,3
2026-03-18,13.4,1.8,7.7,0.0,0.0,20.5,0
2026-03-19,15.2,2.6,9.3,0.0,0.0,10.4,3
2026-03-20,14.6,0.3,7.6,0.0,0.0,10.9,45
2026-03-21,14.3,0.8,8.1,0.3,0.3,12.3,61
2026-03-22,13.3,6.8,9.3,1.7,1.7,14.6,80
2026-03-23,14.0,1.8,7.8,0.0,0.0,10.5,45
2026-03-24,16.0,0.9,8.2,0.0,0.0,7.0,3
2026-03-25,13.8,3.2,7.4,3.9,3.6,29.3,80
2026-03-26,5.9,1.9,3.4,5.8,3.5,21.6,95
