weather_date,temperature_2m_max,temperature_2m_min,temperature_2m_mean,precipitation_sum,rain_sum,windspeed_10m_max,weathercode,orders_cnt,orders_value_sum
2023-01-01,15.9,7.1,11.3,0.0,0.0,11.9,3,78,4616.15
2023-01-03,9.9,2.5,7.4,0.9,0.9,5.8,51,60,3320.0
2023-01-04,10.7,1.6,6.8,0.5,0.5,17.2,51,64,3832.85
2023-01-05,12.3,5.7,9.9,4.8,4.8,21.4,63,56,3218.2
2023-01-06,11.4,4.4,8.2,0.0,0.0,9.7,3,66,3924.95
2023-01-07,11.2,2.8,5.8,0.0,0.0,11.2,3,74,5177.05
2023-01-08,8.1,2.8,6.3,22.8,22.8,10.9,63,96,5795.1
2023-01-10,7.4,2.7,4.9,0.6,0.6,23.6,51,36,1789.3
2023-01-11,10.6,5.8,8.2,2.6,2.6,20.3,53,41,2430.2
2023-01-12,10.6,4.5,8.0,0.0,0.0,22.5,3,47,2835.65
2023-01-13,10.9,5.7,8.5,10.0,10.0,22.4,63,85,5359.6
2023-01-14,10.1,4.4,7.6,3.7,3.7,20.5,61,88,5809.25
2023-01-15,11.6,2.2,6.3,10.0,10.0,30.6,63,98,6089.15
2023-01-16,6.8,1.8,3.8,3.1,2.6,34.0,73,20,1061.5
2023-01-17,3.3,-1.7,1.2,5.3,2.8,15.8,73,37,2137.5
2023-01-18,1.9,-2.2,0.5,4.6,0.6,14.7,73,49,2985.1
2023-01-19,2.0,-5.6,-2.2,0.1,0.0,11.3,71,43,2405.15
2023-01-20,1.4,-5.4,-2.6,0.6,0.0,8.7,71,71,4594.5
2023-01-21,1.8,-5.3,-2.4,0.3,0.0,17.3,71,85,5205.6
2023-01-22,2.0,-1.8,-0.3,1.7,0.0,13.7,71,87,5740.15
2023-01-23,3.0,-2.3,0.9,0.1,0.0,22.2,71,35,1925.55
2023-01-24,4.2,1.6,2.9,0.1,0.1,12.3,51,50,2748.75
2023-01-25,2.7,0.8,2.1,0.3,0.3,9.6,51,56,3346.55
2023-01-26,1.0,-1.2,-0.0,0.0,0.0,12.1,3,55,3088.85
2023-01-27,2.3,-2.7,-0.7,0.0,0.0,12.7,3,87,5198.4
2023-01-28,3.2,-2.5,0.5,0.0,0.0,14.0,3,81,5109.2
2023-01-29,2.1,-3.2,-1.1,0.0,0.0,7.7,3,92,5598.8
2023-01-30,3.9,-3.3,0.7,0.0,0.0,16.7,3,38,2074.3
2023-01-31,5.1,-1.2,2.9,0.4,0.4,15.2,51,35,1802.8
2023-02-01,6.0,3.4,4.6,0.5,0.5,23.2,51,40,2070.65
2023-02-02,7.2,3.5,4.9,0.4,0.4,20.2,51,38,2220.3
2023-02-03,8.9,3.8,6.3,0.0,0.0,22.0,3,85,5201.3
2023-02-04,7.4,2.0,6.0,1.7,1.7,18.2,51,83,5198.2
2023-02-05,5.1,0.1,3.3,6.1,6.1,12.4,61,115,7275.7
2023-02-06,4.7,-0.4,2.8,1.7,1.6,17.7,71,45,2606.15
2023-02-07,4.0,-3.2,-0.2,0.0,0.0,10.5,1,39,2288.8
2023-02-08,2.5,-6.4,-2.3,0.0,0.0,7.1,0,39,2452.4
2023-02-09,5.6,-5.0,-1.1,0.0,0.0,9.7,2,49,3084.9
2023-02-10,5.7,-4.6,0.1,0.0,0.0,7.9,3,81,4838.8
2023-02-11,7.6,-4.6,1.4,0.0,0.0,8.3,3,67,4357.25
2023-02-12,9.1,-3.6,1.8,0.0,0.0,10.4,1,97,6009.2
2023-02-13,10.1,-1.9,2.7,0.0,0.0,11.7,3,32,1888.4
2023-02-14,9.9,-3.2,1.7,0.0,0.0,13.0,1,88,5137.75
2023-02-15,11.8,-2.8,2.6,0.0,0.0,10.0,3,33,1880.6
2023-02-16,14.2,-3.5,3.8,0.0,0.0,10.1,3,56,3173.05
2023-02-17,11.9,5.2,7.9,0.2,0.2,11.3,51,69,4449.45
2023-02-18,13.7,7.8,10.5,0.0,0.0,25.2,3,77,4383.45
2023-02-19,10.9,6.0,8.9,0.5,0.5,19.4,51,81,4339.45
2023-02-20,13.6,1.9,7.2,0.0,0.0,8.9,3,40,2059.05
2023-02-21,14.8,-0.9,5.6,0.0,0.0,12.6,3,42,2502.25
2023-02-22,12.6,-0.2,5.8,2.7,2.7,13.8,53,45,2352.75
2023-02-23,13.4,3.8,7.9,0.8,0.8,8.2,53,59,3087.0
2023-02-24,12.9,3.8,7.6,2.2,2.2,13.0,61,96,5677.45
2023-02-25,7.6,-0.5,4.3,2.1,2.1,18.7,53,77,5091.95
2023-02-26,3.2,-3.4,0.1,0.1,0.0,29.1,71,72,4462.75
2023-03-01,5.1,-3.2,0.8,0.0,0.0,10.8,3,78,4674.05
2023-03-02,5.4,-0.8,1.9,0.0,0.0,7.5,3,65,3719.05
2023-03-03,8.3,-2.7,2.8,0.0,0.0,7.8,3,74,4306.1
2023-03-04,6.7,-1.5,1.6,0.0,0.0,11.8,3,76,4411.2
2023-03-05,6.8,-3.3,1.6,0.0,0.0,11.2,3,112,7566.1
2023-03-06,6.2,-1.8,2.2,0.0,0.0,17.0,3,36,2126.05
2023-03-07,8.3,-2.0,3.7,0.0,0.0,20.0,3,37,2249.4
2023-03-08,12.4,0.3,7.7,1.8,1.8,32.4,55,49,3042.5
2023-03-09,15.6,7.8,10.8,9.5,9.5,30.5,63,59,2953.3
2023-03-10,10.5,4.0,8.1,15.4,15.4,33.4,61,78,3887.8
2023-03-11,5.2,1.1,3.2,5.2,2.8,14.5,73,90,5711.7
2023-03-12,12.4,4.0,7.3,2.7,2.7,23.4,53,83,5478.9
2023-03-13,20.4,5.0,13.4,19.5,19.5,18.6,63,38,2169.75
2023-03-14,11.3,4.1,8.1,10.2,9.0,31.5,73,44,2501.75
2023-03-15,9.1,0.0,4.6,0.6,0.6,20.3,51,37,2055.5
2023-03-16,13.4,-0.3,5.9,0.0,0.0,15.5,3,57,3244.25
2023-03-17,18.7,2.5,10.5,0.0,0.0,11.9,3,61,3554.2
2023-03-18,16.4,2.5,9.8,0.1,0.1,8.8,51,56,3547.45
2023-03-19,13.2,5.2,9.6,9.6,9.6,15.2,63,86,4738.35
2023-03-20,13.5,4.6,8.6,0.2,0.2,8.7,51,33,1957.5
2023-03-21,15.5,2.2,8.7,0.2,0.2,7.4,51,44,2208.25
2023-03-22,18.2,4.6,11.0,0.5,0.5,12.7,53,32,1843.6
2023-03-23,16.8,8.9,12.9,0.4,0.4,13.0,51,49,2713.15
2023-03-24,14.8,9.1,12.1,13.5,13.5,21.0,63,102,6116.95
2023-03-25,12.6,7.2,9.4,4.3,4.3,32.6,61,80,5219.15
2023-03-26,13.0,3.9,8.6,11.0,10.0,25.7,73,91,5067.7
2023-03-27,7.3,1.5,5.0,4.8,3.8,20.5,73,34,1869.1
2023-03-28,11.2,-1.4,5.5,0.1,0.1,8.9,51,34,1991.05
2023-03-29,18.9,6.2,12.1,5.6,5.6,15.7,63,49,2544.1
2023-03-30,17.6,10.7,13.8,3.5,3.5,26.7,55,42,2200.9
2023-03-31,14.5,9.0,11.5,8.0,8.0,32.7,61,100,6305.7
2023-04-01,11.4,6.1,8.5,8.5,8.3,27.4,71,88,5665.9
2023-04-02,11.5,5.8,8.3,2.1,2.1,12.8,53,74,4572.0
2023-04-03,7.9,2.5,5.6,3.5,3.5,17.5,53,42,2437.6
2023-04-04,9.2,-2.1,3.4,0.0,0.0,12.0,1,50,3051.8
2023-04-05,8.9,-0.1,4.1,0.0,0.0,9.9,3,59,3087.15
2023-04-06,12.1,-3.0,5.8,0.1,0.1,8.7,51,63,3801.2
2023-04-07,7.8,2.2,5.3,15.9,13.5,10.2,73,61,3459.25
2023-04-08,11.9,1.6,7.0,0.3,0.3,11.2,51,58,3476.6
2023-04-09,14.1,3.0,8.0,0.0,0.0,13.7,3,51,2950.15
2023-04-10,17.4,3.3,10.4,0.2,0.2,13.0,51,78,4308.4
2023-04-11,12.9,8.7,10.7,9.2,9.2,20.9,63,43,2726.25
2023-04-12,14.7,7.6,10.5,4.6,4.6,22.3,55,38,2149.6
2023-04-13,9.8,3.5,6.6,2.3,2.3,16.3,53,56,3661.25
2023-04-14,12.4,2.2,7.3,0.9,0.9,11.2,51,79,4549.7
2023-04-15,10.6,3.2,7.5,4.8,4.8,15.0,53,76,4708.45
2023-04-16,9.9,5.8,7.8,5.0,5.0,12.9,53,84,5057.7
2023-04-17,12.2,5.7,8.9,9.1,9.1,13.0,63,34,1823.1
2023-04-18,13.4,5.5,8.9,0.3,0.3,11.8,51,36,2004.35
2023-04-19,13.1,5.3,9.6,4.3,4.3,16.9,61,43,2336.25
2023-04-20,9.8,3.2,6.9,2.0,2.0,12.6,53,35,1860.45
2023-04-21,14.0,1.7,8.5,1.0,1.0,12.2,53,87,5023.5
2023-04-22,20.1,6.9,12.8,5.4,5.4,16.0,61,81,5284.55
2023-04-23,17.9,9.3,13.0,8.9,8.9,16.2,61,77,4551.75
2023-04-24,12.5,6.7,10.1,3.9,3.9,25.7,61,47,2383.4
2023-04-25,12.2,4.6,7.9,8.8,8.8,18.2,61,49,2600.6
2023-04-26,14.1,2.9,8.7,0.3,0.3,7.7,51,49,2778.25
2023-04-27,18.8,6.5,12.8,0.8,0.8,6.3,53,55,3121.15
2023-04-28,19.8,11.1,14.5,12.1,12.1,17.0,61,84,5196.0
2023-04-29,18.6,10.3,14.1,5.7,5.7,16.6,63,52,3665.1
2023-04-30,17.0,8.4,12.9,0.3,0.3,12.3,51,84,5085.1
2023-05-01,15.9,9.9,12.4,7.7,7.7,13.3,63,109,6802.4
2023-05-02,16.6,7.8,12.0,1.0,1.0,14.5,53,39,1938.9
2023-05-03,19.1,5.1,12.2,0.0,0.0,18.6,3,59,3231.85
2023-05-04,23.2,8.4,15.5,0.0,0.0,14.0,3,39,2134.3
2023-05-05,22.4,11.3,15.8,10.0,10.0,22.5,63,88,5365.85
2023-05-06,21.1,11.2,16.2,1.2,1.2,9.4,51,53,3153.35
2023-05-07,18.4,9.6,14.8,7.5,7.5,14.9,61,95,5391.25
2023-05-08,18.7,12.6,15.4,3.7,3.7,9.8,61,42,2247.8
2023-05-09,19.2,10.8,14.7,14.1,14.1,17.5,63,47,2567.35
2023-05-10,15.4,10.2,12.8,2.7,2.7,24.1,55,44,2410.95
2023-05-11,14.4,9.3,11.8,4.3,4.3,11.5,61,57,3225.1
2023-05-12,16.3,8.6,11.7,2.0,2.0,11.2,53,74,4064.35
2023-05-13,15.1,8.8,11.8,1.6,1.6,10.5,53,68,4254.65
2023-05-14,16.5,8.1,12.1,9.5,9.5,11.3,63,100,6221.35
2023-05-15,17.2,8.4,12.9,4.2,4.2,14.2,61,39,2194.95
2023-05-16,11.2,8.9,10.3,5.9,5.9,22.4,55,35,1646.8
2023-05-17,14.7,6.8,10.7,0.4,0.4,16.5,51,61,3281.15
2023-05-18,16.5,4.2,10.7,0.1,0.1,17.7,51,61,3693.65
2023-05-19,15.6,7.9,12.4,0.5,0.5,13.5,51,74,4160.15
2023-05-20,19.0,9.6,14.4,1.7,1.7,8.3,53,60,3463.25
2023-05-21,23.0,10.1,16.9,0.0,0.0,12.8,3,50,2876.45
2023-05-22,24.2,11.1,18.0,1.6,1.6,16.8,61,30,1622.45
2023-05-23,20.6,14.4,17.3,1.0,1.0,19.5,53,38,1719.3
2023-05-24,16.6,10.9,13.2,1.8,1.8,15.7,51,42,2408.7
2023-05-25,19.2,8.1,13.9,0.0,0.0,15.8,3,57,3297.05
2023-05-26,22.4,10.1,16.4,0.0,0.0,16.9,1,57,3552.15
2023-05-27,23.8,9.8,17.1,0.0,0.0,11.3,2,47,3107.1
2023-05-28,24.4,12.4,18.3,0.0,0.0,12.7,1,47,2523.15
2023-05-29,25.9,10.1,17.8,0.0,0.0,15.3,1,78,5085.85
2023-05-30,24.2,10.1,17.4,0.3,0.3,11.7,51,38,2051.4
2023-05-31,24.9,9.8,17.9,0.0,0.0,16.7,0,38,2006.2
2023-06-01,25.0,11.4,18.9,0.0,0.0,8.8,3,36,1720.05
2023-06-02,23.9,12.5,18.2,0.0,0.0,17.0,3,50,2900.1
2023-06-03,25.0,11.0,18.3,0.0,0.0,10.1,1,36,2374.2
2023-06-04,25.5,13.4,19.3,0.0,0.0,17.9,2,75,4888.65
2023-06-05,25.5,12.9,19.0,0.0,0.0,11.3,2,38,2048.15
2023-06-06,25.1,12.4,19.9,0.1,0.1,11.5,51,42,2309.15
2023-06-07,25.5,12.3,20.0,0.1,0.1,10.6,51,37,1700.65
2023-06-08,26.3,12.6,20.4,0.7,0.7,13.2,53,36,2012.7
2023-06-09,27.9,13.2,21.6,0.0,0.0,10.2,3,53,3172.9
2023-06-10,27.3,16.4,22.2,0.0,0.0,14.2,3,48,2939.8
2023-06-11,27.8,16.2,22.4,0.0,0.0,14.2,2,73,4673.0
2023-06-12,28.0,14.7,22.2,0.0,0.0,17.1,2,30,1508.45
2023-06-13,27.2,14.1,20.8,0.0,0.0,18.3,3,33,1918.95
2023-06-14,27.2,11.8,20.1,0.0,0.0,23.8,2,39,1985.4
2023-06-15,26.1,12.6,20.1,0.0,0.0,11.8,3,36,1871.5
2023-06-16,26.5,13.4,21.0,0.0,0.0,10.4,1,74,4367.7
2023-06-17,28.8,13.0,22.4,0.0,0.0,15.1,3,44,2523.4
2023-06-18,30.6,16.0,23.8,0.0,0.0,14.3,3,108,6388.45
2023-06-19,28.0,18.2,22.8,22.3,22.3,17.6,65,33,1786.35
2023-06-20,29.9,18.6,23.8,1.6,1.6,13.0,55,33,1759.5
2023-06-21,25.5,18.2,21.9,1.0,1.0,10.0,53,47,2277.4
2023-06-22,29.1,17.5,22.3,7.6,7.6,20.6,63,52,3038.6
2023-06-23,24.2,16.4,20.2,2.2,2.2,21.7,61,68,3587.55
2023-06-24,26.2,13.1,20.2,0.0,0.0,19.5,3,59,3303.7
2023-06-25,28.6,13.6,21.7,0.0,0.0,10.6,0,86,5130.5
2023-06-26,28.4,16.3,22.3,0.0,0.0,21.3,3,41,1994.95
2023-06-27,25.4,14.9,20.0,0.2,0.2,11.1,51,43,2608.0
2023-06-28,26.2,14.2,20.6,0.0,0.0,14.8,3,45,2289.3
2023-06-29,27.4,14.5,22.1,0.0,0.0,13.8,3,41,2476.55
2023-06-30,19.9,18.0,18.8,6.7,6.7,16.2,61,84,5053.55
2023-07-01,22.5,15.2,18.9,0.3,0.3,20.2,51,57,3256.2
2023-07-02,23.5,15.8,19.4,0.3,0.3,20.5,51,79,4414.85
2023-07-03,23.3,15.8,19.8,0.3,0.3,18.7,51,47,2611.75
2023-07-04,24.4,15.5,19.2,3.6,3.6,11.4,61,46,2637.85
2023-07-05,22.9,13.8,18.5,11.7,11.7,22.0,63,55,2906.6
2023-07-06,24.4,12.1,18.9,0.0,0.0,7.2,3,55,3061.35
2023-07-07,30.0,13.9,22.8,0.0,0.0,8.7,3,55,3298.07
2023-07-08,28.6,17.8,22.7,5.0,5.0,18.5,63,54,3025.65
2023-07-09,33.8,16.9,25.6,0.0,0.0,12.3,3,65,3863.45
2023-07-10,30.5,19.8,24.9,2.0,2.0,18.1,61,43,2248.7
2023-07-11,35.3,18.0,26.1,11.4,11.4,18.5,65,31,1736.1
2023-07-12,25.2,18.5,22.0,11.3,11.3,16.9,65,48,2739.0
2023-07-13,25.8,15.6,20.5,0.3,0.3,14.9,51,57,3455.85
2023-07-14,29.2,12.6,21.3,0.0,0.0,10.8,3,56,3377.6
2023-07-15,30.9,16.7,24.6,4.2,4.2,15.0,63,53,3312.6
2023-07-16,24.1,16.2,20.1,9.2,9.2,18.7,65,81,4358.05
2023-07-17,27.2,17.7,22.3,0.1,0.1,15.5,51,41,2296.1
2023-07-18,26.5,15.8,20.9,41.1,41.1,17.9,65,39,2508.6
2023-07-19,29.1,18.6,23.1,1.7,1.7,22.6,61,40,1996.3
2023-07-20,25.8,16.8,21.3,0.0,0.0,11.9,3,46,2711.7
2023-07-21,24.5,14.8,20.0,1.0,1.0,24.5,51,49,2494.2
2023-07-22,26.2,13.6,20.5,0.0,0.0,13.7,2,55,3020.0
2023-07-23,29.5,14.6,23.1,0.7,0.7,19.3,53,78,4791.0
2023-07-24,22.3,16.6,20.0,19.1,19.1,14.3,63,41,2480.65
2023-07-25,19.5,13.9,17.1,10.6,10.6,27.9,63,56,3514.65
2023-07-26,19.6,12.4,15.7,5.0,5.0,16.9,63,52,2690.1
2023-07-27,24.9,11.8,18.9,0.0,0.0,15.3,3,49,2758.17
2023-07-28,25.2,15.7,20.6,3.9,3.9,20.7,61,89,5038.05
2023-07-29,24.4,17.3,20.1,13.1,13.1,14.5,63,75,4399.65
2023-07-30,23.2,15.4,19.3,0.8,0.8,23.4,51,77,4703.1
2023-07-31,25.0,12.6,19.3,0.2,0.2,14.1,51,60,3367.0
2023-08-01,21.5,16.2,19.5,10.3,10.3,24.6,63,72,4276.0
2023-08-02,29.5,14.6,21.7,2.0,2.0,30.4,53,53,2537.15
2023-08-03,22.1,14.8,19.3,0.1,0.1,28.1,51,41,2041.9
2023-08-04,21.1,13.0,16.2,9.4,9.4,19.7,63,80,4640.02
2023-08-05,22.4,13.4,17.6,0.7,0.7,13.8,51,68,4354.15
2023-08-06,16.6,12.6,14.8,4.4,4.4,32.1,55,88,5890.45
2023-08-07,18.8,11.1,14.7,3.5,3.5,19.8,61,48,2822.97
2023-08-08,22.6,9.2,16.6,0.0,0.0,14.6,3,47,2594.35
2023-08-09,23.5,14.2,18.7,0.2,0.2,16.6,51,48,3131.5
2023-08-10,27.2,13.8,20.6,0.0,0.0,9.4,3,51,2265.25
2023-08-11,30.5,14.0,23.0,0.0,0.0,7.3,1,70,4060.97
2023-08-12,29.5,17.8,23.4,1.5,1.5,12.3,53,68,4353.82
2023-08-13,28.2,18.7,22.9,1.8,1.8,11.3,53,113,6477.65
2023-08-14,29.6,19.0,24.4,1.6,1.6,13.9,61,35,1681.45
2023-08-15,31.0,19.2,24.3,0.0,0.0,16.8,3,47,2574.47
2023-08-16,30.9,17.9,23.9,0.0,0.0,12.4,3,30,1906.3
2023-08-17,29.8,18.8,23.6,0.0,0.0,10.7,3,43,2470.35
2023-08-18,34.0,18.7,26.0,0.0,0.0,13.8,3,50,3070.82
2023-08-19,34.6,17.3,26.5,0.0,0.0,15.5,3,41,2039.95
2023-08-20,33.4,20.0,26.4,0.0,0.0,15.3,3,79,4804.65
2023-08-21,34.0,20.9,27.3,0.0,0.0,11.3,1,33,1893.95
2023-08-22,34.5,20.8,27.4,0.0,0.0,13.8,2,37,2285.3
2023-08-23,32.7,20.8,26.5,0.0,0.0,14.5,3,37,1739.45
2023-08-24,37.2,19.9,26.4,3.6,3.6,27.0,63,62,3361.15
2023-08-25,32.2,19.8,25.1,19.7,19.7,22.0,65,92,4950.02
2023-08-26,21.1,17.8,18.9,18.5,18.5,13.4,65,79,5449.8
2023-08-27,20.6,15.0,16.9,7.8,7.8,12.9,61,111,6465.2
2023-08-28,15.6,13.4,14.2,8.4,8.4,13.4,53,54,2890.0
2023-08-29,17.3,12.3,14.2,6.1,6.1,8.4,55,45,2008.75
2023-08-30,20.0,10.1,15.2,0.3,0.3,12.9,51,42,2460.8
2023-08-31,19.1,12.0,16.1,0.7,0.7,15.9,51,55,3110.9
2023-09-01,24.4,15.2,19.8,0.4,0.4,14.9,51,58,3456.05
2023-09-02,27.2,12.4,20.1,0.0,0.0,9.6,3,49,2924.7
2023-09-03,25.9,14.6,20.5,0.0,0.0,10.1,3,95,5802.85
2023-09-04,28.4,15.5,21.6,0.0,0.0,14.2,3,28,1534.1
2023-09-05,27.8,16.4,21.7,0.0,0.0,14.2,3,36,2125.65
2023-09-06,27.0,12.7,20.2,0.0,0.0,9.9,3,44,2407.3
2023-09-07,28.6,13.7,21.2,0.0,0.0,9.7,0,54,2680.81
2023-09-08,29.9,15.4,22.8,0.0,0.0,7.3,0,56,2864.0
2023-09-09,30.1,15.6,23.7,0.0,0.0,7.0,0,69,4114.05
2023-09-10,30.2,16.9,23.5,0.0,0.0,6.1,0,74,4135.4
2023-09-11,30.5,15.8,23.1,0.0,0.0,6.8,3,47,2486.5
2023-09-12,29.3,17.0,22.7,0.1,0.1,12.8,51,40,2137.35
2023-09-13,21.8,17.8,19.1,7.0,7.0,13.3,55,51,2684.45
2023-09-14,22.6,15.4,18.5,0.0,0.0,10.4,3,43,2032.25
2023-09-15,24.8,12.6,18.5,0.0,0.0,8.3,3,55,3386.95
2023-09-16,26.4,14.6,19.6,0.6,0.6,10.9,53,74,4752.8
2023-09-17,28.6,15.0,22.0,0.0,0.0,12.2,3,92,5910.6
2023-09-18,22.1,17.0,19.0,15.8,15.8,18.0,63,35,1756.85
2023-09-19,22.2,13.8,17.9,1.3,1.3,16.2,51,43,2273.9
2023-09-20,25.6,11.1,17.9,0.0,0.0,7.7,2,34,2003.4
2023-09-21,25.0,14.7,18.8,10.2,10.2,18.5,63,52,2668.15
2023-09-22,18.6,13.1,15.1,10.6,10.6,9.7,63,76,4436.35
2023-09-23,17.5,9.4,13.5,0.2,0.2,10.1,51,64,3948.95
2023-09-24,19.8,8.1,13.1,0.0,0.0,16.8,1,84,4966.82
2023-09-25,20.9,7.6,14.2,0.0,0.0,10.4,0,60,3437.65
2023-09-26,22.3,6.6,14.1,0.0,0.0,10.5,3,50,2881.85
2023-09-27,23.5,7.6,14.7,0.0,0.0,11.4,3,33,1634.7
2023-09-28,25.5,11.6,17.9,0.0,0.0,7.6,3,55,2794.95
2023-09-29,25.5,12.2,18.4,0.0,0.0,20.4,3,84,5690.15
2023-09-30,21.9,13.1,16.6,0.0,0.0,7.7,3,66,4108.25
2023-10-01,23.9,10.9,16.3,0.0,0.0,9.7,3,79,4339.45
2023-10-02,26.5,10.8,17.6,0.0,0.0,10.0,3,50,2612.55
2023-10-03,25.9,12.7,17.9,0.5,0.5,26.7,51,52,3023.9
2023-10-04,19.0,9.6,14.2,0.2,0.2,9.0,51,46,2283.8
2023-10-05,18.4,7.7,12.4,0.0,0.0,7.8,3,42,2607.65
2023-10-06,20.8,6.9,13.0,0.0,0.0,8.1,3,60,3624.6
2023-10-07,22.7,5.7,13.8,0.0,0.0,8.0,3,58,3368.25
2023-10-08,25.1,8.6,15.8,0.0,0.0,7.6,1,89,5235.5
2023-10-09,25.5,9.9,17.0,0.0,0.0,8.8,3,32,1824.8
2023-10-10,25.0,11.0,17.0,0.0,0.0,8.1,3,39,2194.25
2023-10-11,25.1,9.9,16.7,0.0,0.0,8.0,0,36,2004.05
2023-10-12,26.0,11.6,17.6,0.0,0.0,15.9,3,45,2633.65
2023-10-13,27.2,11.8,19.4,0.0,0.0,20.0,3,64,3872.8
2023-10-14,19.9,9.9,15.9,11.7,11.7,23.7,63,60,3329.4
2023-10-15,13.1,5.5,10.0,0.3,0.3,14.4,51,70,3991.9
2023-10-16,14.1,2.1,7.8,0.0,0.0,10.1,3,34,1921.55
2023-10-17,15.6,4.3,9.4,0.0,0.0,13.6,3,33,1507.1
2023-10-18,14.3,6.8,10.9,8.6,8.6,15.5,61,40,2400.5
2023-10-19,15.9,11.2,14.0,9.0,9.0,18.2,61,48,2124.8
2023-10-20,15.8,12.6,13.9,13.1,13.1,22.0,61,63,3797.0
2023-10-21,17.3,8.4,13.3,0.3,0.3,22.4,51,79,4660.1
2023-10-22,16.6,7.1,11.8,0.0,0.0,13.0,3,95,5855.55
2023-10-23,14.0,4.6,9.5,1.6,1.6,9.8,55,37,1919.5
2023-10-24,13.5,8.1,11.0,9.9,9.9,7.6,61,59,3416.45
2023-10-25,16.8,7.9,12.0,7.4,7.4,19.6,61,40,2252.0
2023-10-26,16.1,10.7,12.7,19.8,19.8,20.1,63,54,3110.9
2023-10-27,14.9,9.3,11.8,11.1,11.1,22.6,61,78,4502.6
2023-10-28,16.8,8.0,12.3,0.2,0.2,15.1,51,67,3510.3
2023-10-29,17.6,9.9,14.1,0.2,0.2,24.2,51,94,5147.5
2023-10-30,17.4,8.1,11.6,16.7,16.7,17.6,63,43,2496.65
2023-10-31,13.2,7.1,10.4,8.7,8.7,16.5,63,36,2231.2
2023-11-01,15.5,6.3,10.3,2.3,2.3,14.6,61,36,2415.55
2023-11-02,11.1,4.6,8.8,13.7,13.7,22.5,63,45,2361.0
2023-11-03,10.5,3.2,7.1,0.1,0.1,16.0,51,77,4835.45
2023-11-04,10.6,3.0,7.4,6.5,6.5,25.6,55,86,5501.15
2023-11-05,12.8,9.6,11.1,3.1,3.1,36.2,55,79,4637.55
2023-11-06,13.4,5.0,8.8,3.6,3.6,16.2,61,43,2168.75
2023-11-07,10.5,4.4,7.0,2.2,2.2,16.9,53,33,1905.0
2023-11-08,13.1,1.9,6.8,0.0,0.0,10.6,3,41,2030.0
2023-11-09,9.9,3.0,7.2,7.1,7.1,14.3,63,37,1811.65
2023-11-10,10.7,6.1,8.0,12.7,12.7,20.9,63,69,4017.85
2023-11-11,8.4,2.3,6.2,2.4,2.4,26.3,53,63,4190.55
2023-11-12,11.1,0.6,5.8,26.1,26.1,30.1,63,92,5723.8
2023-11-13,17.3,10.7,14.1,9.3,9.3,28.3,61,30,1469.65
2023-11-14,15.6,10.4,12.3,26.6,26.6,31.4,63,48,2891.6
2023-11-15,11.6,6.2,9.5,0.4,0.4,23.7,51,46,2741.35
2023-11-16,12.1,2.6,7.6,19.2,19.2,45.1,63,45,2301.0
2023-11-17,9.6,4.3,6.8,10.1,10.1,34.9,61,84,4914.9
2023-11-18,8.4,0.9,5.6,2.9,2.9,11.4,61,83,5128.7
2023-11-19,14.3,9.1,12.5,5.8,5.8,19.1,55,110,6354.2
2023-11-20,12.6,7.7,10.5,1.4,1.4,21.3,51,30,1681.6
2023-11-21,10.0,6.5,8.1,12.2,12.2,13.0,63,35,2137.5
2023-11-22,6.6,0.4,4.0,0.6,0.6,22.0,51,41,2142.05
2023-11-23,7.6,-1.9,3.3,0.0,0.0,13.4,3,53,3243.5
2023-11-24,9.1,2.5,6.8,5.0,4.7,24.6,71,81,4705.55
2023-11-25,5.5,0.9,2.8,5.8,1.6,22.4,75,64,3480.2
2023-11-26,4.8,-0.6,2.7,3.8,2.4,20.8,73,109,6356.05
2023-11-27,6.1,-1.4,3.3,7.7,7.1,6.3,73,59,3078.25
2023-11-28,6.2,0.6,3.7,6.9,6.7,23.8,71,43,2232.2
2023-11-29,5.4,-3.0,0.6,0.0,0.0,9.0,3,36,1791.35
2023-11-30,3.5,-0.3,2.0,15.1,10.0,12.3,75,51,2733.2
2023-12-01,3.8,0.6,2.2,15.6,10.8,10.7,73,69,3935.55
2023-12-02,0.4,-2.0,-1.0,5.3,0.0,16.8,73,87,5517.0
2023-12-03,0.9,-5.6,-3.0,0.0,0.0,12.4,3,90,5399.0
2023-12-04,1.4,-5.1,-1.6,3.0,1.8,16.5,73,30,1545.75
2023-12-05,7.7,1.0,4.2,1.9,1.9,19.3,53,42,2190.1
2023-12-06,5.2,1.8,4.0,1.7,1.7,17.5,53,30,1586.8
2023-12-07,3.5,-2.0,1.1,0.0,0.0,16.9,3,49,2638.45
2023-12-08,7.0,1.5,4.8,7.4,7.4,16.0,55,68,4000.25
2023-12-09,12.1,3.0,6.5,11.4,11.4,36.4,63,77,5027.65
2023-12-10,13.0,7.1,9.2,0.8,0.8,30.0,51,86,4960.7
2023-12-11,13.1,6.6,10.5,17.0,17.0,29.3,63,40,2244.05
2023-12-12,13.7,7.2,10.4,16.9,16.9,18.8,61,44,2364.3
2023-12-13,10.5,5.8,7.8,4.2,4.2,18.2,55,44,2410.4
2023-12-14,7.6,5.3,6.4,7.0,7.0,15.2,53,46,2241.5
2023-12-15,7.6,0.1,3.9,0.6,0.6,11.3,51,57,3505.5
2023-12-16,5.1,-1.8,1.1,0.0,0.0,8.8,3,94,6012.45
2023-12-17,6.5,-2.0,0.8,0.0,0.0,11.3,2,91,5377.4
2023-12-18,8.1,-2.5,1.4,0.0,0.0,9.3,1,40,2052.15
2023-12-19,4.8,-2.4,1.5,0.0,0.0,7.8,3,47,2780.5
2023-12-20,6.2,2.7,4.8,2.8,2.8,20.6,53,55,3090.55
2023-12-21,9.4,5.1,8.0,5.7,5.7,32.4,63,62,3673.25
2023-12-22,8.4,6.7,7.7,13.5,13.5,31.3,63,82,5256.1
2023-12-23,8.4,6.7,7.4,0.4,0.4,29.4,51,82,5140.6
2024-01-04,9.6,3.3,7.0,0.9,0.9,31.0,51,71,4368.9
2024-01-05,8.2,3.2,5.9,3.7,3.7,8.5,53,84,4815.15
2024-01-06,5.9,2.9,4.6,3.9,3.9,10.8,53,88,5181.55
2024-01-07,3.8,-0.7,2.6,4.5,3.7,21.3,73,111,6611.4
2024-01-08,0.4,-2.5,-1.2,1.1,0.0,19.2,71,37,1926.0
2024-01-09,0.2,-3.0,-2.2,5.0,0.0,10.7,73,52,2741.6
2024-01-10,2.8,-4.9,-1.9,1.7,0.0,9.4,73,48,2649.75
2024-01-11,-1.1,-6.1,-3.8,0.0,0.0,9.7,3,42,2052.1
2024-01-12,-1.1,-6.2,-4.2,0.0,0.0,7.0,3,66,3573.95
2024-01-13,-0.6,-6.8,-4.0,0.0,0.0,7.5,3,78,4416.5
2024-01-14,2.0,-7.1,-2.2,0.1,0.1,12.2,51,91,5846.5
2024-01-15,4.5,-3.4,0.3,0.2,0.0,21.7,71,36,2053.45
2024-01-16,3.2,-6.2,-1.8,0.1,0.1,10.0,51,40,2254.7
2024-01-17,10.4,0.2,4.4,17.1,17.1,18.4,61,44,2300.05
2024-01-18,11.0,-0.3,5.1,16.1,14.1,25.6,73,40,2341.35
2024-01-19,1.5,-4.4,-1.8,0.0,0.0,12.6,3,73,4258.9
2024-01-20,1.6,-6.3,-3.5,0.0,0.0,10.5,3,82,5602.75
2024-01-21,6.8,-5.8,-1.3,0.0,0.0,10.0,3,98,5915.4
2024-01-22,9.2,-1.5,4.6,19.1,19.1,18.8,63,44,2516.7
2024-01-23,8.6,4.8,6.6,1.8,1.8,22.2,51,35,1934.3
2024-01-24,13.2,6.4,11.3,3.2,3.2,25.5,61,39,2409.95
2024-01-25,12.3,7.4,10.4,2.6,2.6,17.9,55,48,2514.2
2024-01-26,11.5,5.6,8.3,4.1,4.1,19.6,63,100,5690.3
2024-01-27,9.4,0.8,4.0,0.0,0.0,11.5,3,94,6055.6
2024-01-28,9.1,-0.9,3.9,0.0,0.0,15.8,3,110,6693.95
2024-01-29,9.6,-0.2,3.4,0.0,0.0,9.7,3,39,2116.15
2024-01-30,11.1,-0.6,4.4,0.0,0.0,7.2,3,43,2192.0
2024-01-31,12.4,0.1,4.9,0.0,0.0,10.4,3,53,2858.5
2024-02-01,9.6,5.7,8.0,0.8,0.8,14.8,51,57,3558.8
2024-02-02,10.7,2.4,6.4,0.4,0.4,12.3,51,70,4397.3
2024-02-03,9.1,1.1,5.5,0.0,0.0,16.0,3,74,4718.5
2024-02-04,10.4,3.8,6.5,0.0,0.0,16.2,3,87,5475.8
2024-02-05,10.1,1.5,5.6,0.0,0.0,11.6,3,37,2127.35
2024-02-06,8.6,-0.3,4.2,0.0,0.0,18.0,3,44,2490.75
2024-02-07,11.6,4.5,8.5,2.9,2.9,22.2,53,33,1915.0
2024-02-08,14.1,8.2,10.8,1.6,1.6,23.9,51,42,2533.35
2024-02-09,12.4,7.9,10.1,9.2,9.2,13.4,55,84,5835.15
2024-02-10,10.9,7.0,8.5,2.6,2.6,24.9,53,68,4678.7
2024-02-11,10.4,5.6,7.5,8.2,8.2,24.0,63,88,5802.55
2024-02-12,9.7,4.5,7.0,1.0,1.0,15.6,53,43,2920.55
2024-02-13,11.1,2.3,5.8,0.7,0.7,8.9,51,45,2014.95
2024-02-14,13.4,1.3,7.6,1.3,1.3,9.0,61,69,4421.7
2024-02-15,14.6,2.8,7.8,0.0,0.0,12.1,3,45,2925.2
2024-02-16,13.9,5.1,8.8,4.4,4.4,9.2,61,62,3682.25
2024-02-17,11.6,6.3,9.5,1.0,1.0,9.5,51,66,4419.55
2024-02-18,13.1,5.7,8.9,3.9,3.9,16.1,61,51,2847.85
2024-02-20,10.9,3.0,7.1,1.8,1.8,15.5,53,45,2704.7
2024-02-21,12.4,2.2,7.9,0.0,0.0,14.1,3,47,2752.6
2024-02-22,13.1,7.9,10.6,17.8,17.8,31.9,63,55,3518.0
2024-02-23,10.3,0.9,5.8,4.1,3.6,24.5,73,83,4960.85
2024-02-24,8.0,0.9,4.0,7.1,4.8,8.7,75,56,3876.5
2024-02-25,11.8,-0.2,6.0,0.0,0.0,12.2,3,118,7795.3
2024-02-26,12.4,5.6,7.8,3.6,3.6,11.8,53,45,2687.1
2024-02-27,9.9,4.1,6.6,1.0,1.0,19.6,51,30,1587.55
2024-02-28,10.1,3.3,6.3,0.0,0.0,11.2,3,42,2645.25
2024-02-29,11.6,0.3,5.8,0.0,0.0,9.5,3,48,2940.85
2024-03-01,9.9,1.0,6.4,1.0,1.0,10.9,51,83,5531.7
2024-03-02,12.9,2.5,7.7,0.0,0.0,15.3,3,70,4644.35
2024-03-03,12.7,3.8,7.5,2.1,2.1,21.8,61,97,5937.9
2024-03-04,9.1,4.9,6.7,0.0,0.0,18.9,3,37,2182.15
2024-03-05,10.4,5.2,7.4,1.3,1.3,17.0,51,30,1919.25
2024-03-06,8.4,4.7,6.0,8.5,8.5,14.2,55,37,2192.0
2024-03-07,9.1,1.5,5.7,0.4,0.4,13.1,51,42,2619.35
2024-03-08,11.1,0.1,5.1,0.0,0.0,19.1,3,65,3963.0
2024-03-09,15.4,0.4,8.4,0.3,0.3,15.5,51,60,3928.65
2024-03-10,10.8,4.2,7.5,7.6,7.6,16.3,61,85,5508.45
2024-03-11,12.4,1.5,6.4,0.1,0.1,12.4,51,36,2223.97
2024-03-12,10.6,2.7,7.0,3.3,3.3,19.8,53,31,1859.45
2024-03-13,12.5,5.8,9.1,7.0,7.0,19.6,61,35,1792.45
2024-03-14,17.4,4.1,9.9,0.0,0.0,9.4,3,35,1824.45
2024-03-15,15.9,6.0,11.2,9.1,9.1,21.8,63,83,5303.4
2024-03-16,13.4,6.0,10.5,2.3,2.3,23.4,55,59,3834.0
2024-03-17,13.1,3.7,8.7,0.8,0.8,8.0,51,77,4824.5
2024-03-18,14.1,6.0,10.1,18.6,18.6,8.8,63,39,2319.9
2024-03-19,16.2,4.9,10.0,0.0,0.0,8.8,3,41,2518.35
2024-03-20,18.3,3.4,11.4,0.0,0.0,11.0,3,35,1892.25
2024-03-21,17.9,7.4,12.6,1.4,1.4,16.7,53,51,2902.2
2024-03-22,19.4,6.7,12.5,0.0,0.0,11.9,3,66,4069.7
2024-03-23,12.4,4.7,8.8,4.5,4.2,27.4,71,69,4315.4
2024-03-24,9.0,3.7,5.8,2.5,2.5,25.1,53,73,4573.85
2024-03-25,12.2,0.3,6.5,0.7,0.6,14.5,71,52,2749.7
2024-03-26,16.5,2.7,9.8,1.3,1.3,14.1,53,46,2577.5
2024-03-27,8.9,1.6,6.1,3.1,3.1,25.8,55,48,3141.4
2024-03-28,12.8,1.8,6.9,2.5,2.5,22.7,61,54,3300.8
2024-03-29,18.1,4.8,9.9,3.6,3.6,15.0,61,60,3720.6
2024-03-30,19.0,7.1,11.6,6.4,6.4,23.4,63,71,4386.55
2024-03-31,16.1,5.5,10.6,5.4,5.4,10.4,61,61,3756.0
2024-04-01,12.4,5.3,9.4,14.0,14.0,27.7,63,90,5462.6
2024-04-02,13.6,4.5,9.0,2.8,2.8,22.9,61,37,2243.95
2024-04-03,13.8,4.1,9.7,3.3,3.3,18.0,61,43,2447.6
2024-04-04,17.5,8.7,13.0,3.6,3.6,21.5,61,41,2420.35
2024-04-05,23.1,8.8,15.0,0.2,0.2,16.2,51,61,3888.45
2024-04-06,25.3,8.2,16.0,0.0,0.0,13.8,3,47,2914.6
2024-04-07,24.4,10.2,17.5,0.0,0.0,14.8,3,66,4234.25
2024-04-08,25.9,10.0,17.8,0.0,0.0,14.8,3,40,2072.85
2024-04-09,16.9,6.7,10.2,5.9,5.9,32.1,55,40,2477.25
2024-04-10,12.1,3.5,8.0,0.1,0.1,13.8,51,54,3207.15
2024-04-11,15.9,2.5,9.5,0.0,0.0,7.2,3,31,1982.25
2024-04-12,20.0,4.3,12.1,0.0,0.0,8.2,3,70,4584.8
2024-04-13,24.0,7.2,15.7,0.0,0.0,8.6,3,51,3279.8
2024-04-14,24.9,7.9,16.1,0.0,0.0,14.2,3,70,4755.3
2024-04-15,17.8,10.6,14.6,10.5,10.5,30.8,61,32,1703.95
2024-04-16,10.8,5.5,7.7,10.1,10.1,29.8,63,36,1913.1
2024-04-17,9.6,3.3,6.0,8.8,7.8,18.9,73,33,1835.15
2024-04-18,8.8,2.2,4.9,6.1,4.8,12.4,75,36,2239.85
2024-04-19,7.7,1.2,5.9,10.3,10.3,26.0,63,62,3686.25
2024-04-20,9.1,2.8,5.3,5.1,5.1,16.2,53,63,4633.5
2024-04-21,6.3,1.0,3.8,4.5,4.1,13.9,71,98,6097.2
2024-04-22,7.7,1.5,4.3,2.5,2.5,16.2,51,44,2327.9
2024-04-23,8.5,0.5,4.7,1.0,1.0,17.9,51,36,1944.85
2024-04-24,8.7,1.4,4.9,0.4,0.4,20.9,51,45,2353.5
2024-04-25,10.4,-0.2,5.6,2.6,1.1,13.9,73,48,3018.95
2024-04-26,13.3,0.6,7.1,10.2,10.0,8.2,71,92,5086.5
2024-04-27,19.8,4.0,11.3,0.0,0.0,15.9,3,64,3867.6
2024-04-28,15.1,7.0,11.0,4.6,4.6,17.6,55,98,5650.7
2024-04-29,18.8,6.8,12.7,0.7,0.7,15.6,51,42,2421.25
2024-04-30,23.0,6.7,14.6,0.0,0.0,9.6,3,42,2258.65
2024-05-01,24.8,8.5,16.2,0.0,0.0,15.9,3,71,4265.15
2024-05-02,15.4,9.9,12.4,12.4,12.4,28.6,63,41,2123.15
2024-05-03,15.2,7.5,11.5,0.8,0.8,16.6,51,58,3348.5
2024-05-04,18.0,5.2,12.4,2.3,2.3,12.6,55,56,3463.5
2024-05-05,20.4,11.9,15.5,6.3,6.3,11.3,61,83,5169.15
2024-05-06,14.1,9.4,12.7,16.4,16.4,16.9,63,46,2538.3
2024-05-07,14.0,8.6,11.5,7.8,7.8,10.0,53,33,2020.6
2024-05-08,16.8,8.7,12.5,0.1,0.1,18.6,51,44,2500.5
2024-05-09,18.4,8.8,13.9,0.0,0.0,7.3,3,78,5470.0
2024-05-10,21.0,8.3,15.2,0.0,0.0,10.0,2,57,3630.2
2024-05-11,23.5,7.2,16.7,0.0,0.0,9.2,3,47,3040.05
2024-05-12,24.9,11.5,17.9,0.3,0.3,12.1,51,79,5217.45
2024-05-13,22.5,12.2,17.2,0.7,0.7,10.2,51,38,1939.75
2024-05-14,24.9,11.2,16.9,0.2,0.2,24.1,51,36,2166.2
2024-05-15,18.2,11.6,14.8,7.3,7.3,13.3,63,48,2663.3
2024-05-16,17.0,9.4,12.7,14.1,14.1,16.9,63,51,2946.15
2024-05-17,16.9,9.5,13.1,15.0,15.0,20.4,63,61,3954.45
2024-05-18,20.0,6.7,13.5,0.8,0.8,17.0,51,73,4929.5
2024-05-19,19.8,8.6,14.6,0.6,0.6,12.6,51,77,4451.45
2024-05-20,22.1,10.4,16.3,2.0,2.0,20.6,61,87,5459.5
2024-05-21,18.6,11.8,15.0,7.4,7.4,13.3,63,36,1736.45
2024-05-22,18.9,10.4,14.7,2.7,2.7,17.4,55,33,1962.7
2024-05-23,17.2,9.2,13.2,4.2,4.2,17.4,61,28,1744.15
2024-05-24,18.0,8.3,13.2,4.3,4.3,10.8,61,83,4777.3
2024-05-25,19.9,7.8,14.0,0.2,0.2,12.7,51,68,4793.05
2024-05-26,22.0,9.4,16.2,3.4,3.4,11.2,55,116,7175.36
2024-05-27,19.2,13.1,16.3,5.5,5.5,14.3,61,38,1794.35
2024-05-28,19.6,10.1,14.9,0.4,0.4,13.6,51,47,2638.0
2024-05-29,17.5,10.9,14.7,5.3,5.3,11.5,61,54,3083.65
2024-05-30,18.3,11.3,14.9,10.4,10.4,19.5,63,56,3635.5
2024-05-31,15.1,10.8,12.4,10.5,10.5,16.2,61,85,5103.8
2024-06-01,17.4,11.6,14.2,2.8,2.8,11.9,51,74,4564.7
2024-06-02,18.5,10.8,14.7,9.0,9.0,9.4,61,95,5531.95
2024-06-03,18.0,12.4,15.0,5.8,5.8,15.3,61,45,2790.9
2024-06-04,21.5,11.9,16.8,0.4,0.4,6.8,51,41,2586.8
2024-06-05,22.9,12.4,18.2,0.1,0.1,15.1,51,51,2930.4
2024-06-06,24.0,12.9,18.3,2.4,2.4,10.9,61,43,2138.2
2024-06-07,24.5,13.7,19.0,2.3,2.3,13.6,55,57,3320.3
2024-06-08,23.1,12.9,18.2,9.5,9.5,8.6,63,87,5318.67
2024-06-09,20.7,15.6,17.8,1.7,1.7,12.7,53,87,4875.3
2024-06-10,20.7,13.1,16.6,0.2,0.2,20.8,51,49,2593.15
2024-06-11,17.0,10.9,13.4,0.0,0.0,11.2,3,53,2916.89
2024-06-12,18.2,7.8,13.3,0.4,0.4,12.3,51,31,1603.75
2024-06-13,19.4,10.1,14.5,0.1,0.1,6.2,51,34,1834.85
2024-06-14,21.0,12.2,16.3,5.3,5.3,17.6,61,58,3556.07
2024-06-15,19.9,12.7,16.3,20.7,20.7,18.9,63,64,4034.62
2024-06-16,21.8,12.0,16.6,3.7,3.7,13.9,55,94,6244.8
2024-06-17,20.5,13.2,17.2,4.7,4.7,8.3,55,38,2191.8
2024-06-18,27.8,14.3,21.4,4.3,4.3,14.0,63,34,1887.55
2024-06-19,27.0,17.4,21.9,3.7,3.7,12.8,55,35,1954.45
2024-06-20,26.8,15.2,20.5,1.6,1.6,16.6,53,42,2504.32
2024-06-21,22.4,15.4,17.9,18.4,18.4,13.8,63,67,3887.0
2024-06-22,17.4,12.6,15.0,11.0,11.0,17.0,61,63,4118.55
2024-06-23,19.7,10.9,16.1,1.9,1.9,12.2,53,99,6109.95
2024-06-24,26.7,13.0,19.8,0.5,0.5,16.9,51,41,2213.6
2024-06-25,26.8,14.1,20.0,0.9,0.9,14.1,53,50,2504.5
2024-06-26,25.7,15.4,20.7,0.8,0.8,10.2,51,55,2994.85
2024-06-27,27.9,16.9,22.5,9.2,9.2,13.7,65,40,2268.35
2024-06-28,26.6,17.5,22.7,2.8,2.8,9.2,61,84,4710.55
2024-06-29,29.5,17.6,23.1,0.3,0.3,24.3,51,67,4277.3
2024-06-30,21.2,14.9,18.9,13.4,13.4,24.8,63,103,6550.6
2024-07-01,22.6,13.5,17.5,3.9,3.9,20.2,61,46,2759.1
2024-07-02,19.6,13.9,15.7,9.7,9.7,17.2,61,65,3395.12
2024-07-03,18.1,13.2,15.1,5.6,5.6,15.5,61,46,2923.65
2024-07-04,21.1,13.8,17.2,1.3,1.3,23.3,51,56,3475.95
2024-07-05,22.9,12.4,18.3,0.0,0.0,7.1,3,75,4552.65
2024-07-06,23.5,14.8,18.3,18.3,18.3,14.8,63,81,5482.85
2024-07-07,20.6,13.6,16.5,1.7,1.7,12.1,53,99,5965.55
2024-07-08,25.8,10.9,19.0,0.0,0.0,9.4,3,40,2162.25
2024-07-09,30.4,14.5,22.9,0.0,0.0,11.9,3,42,2095.9
2024-07-10,24.9,19.1,21.6,5.1,5.1,8.8,61,44,2367.0
2024-07-11,26.7,16.9,21.8,1.5,1.5,8.2,53,61,3553.42
2024-07-12,23.6,16.2,20.1,24.4,24.4,17.3,65,72,4564.3
2024-07-13,21.5,14.6,17.8,0.9,0.9,12.4,53,57,3880.52
2024-07-14,24.1,11.5,18.0,0.0,0.0,9.7,3,85,5740.45
2024-07-15,29.1,14.5,22.3,7.1,7.1,24.6,63,32,1715.75
2024-07-16,23.4,15.9,19.8,0.6,0.6,20.9,51,39,2483.55
2024-07-17,24.6,14.6,19.7,0.1,0.1,9.1,51,36,2066.9
2024-07-18,26.9,15.3,20.9,0.0,0.0,12.1,3,42,2380.17
2024-07-19,29.5,17.0,23.1,0.0,0.0,9.8,3,48,3041.17
2024-07-20,30.0,16.8,24.3,0.0,0.0,7.2,3,49,3002.77
2024-07-21,26.0,18.5,21.5,6.3,6.3,18.4,61,101,5873.02
2024-07-22,24.9,17.8,20.6,7.9,7.9,15.3,63,52,2956.6
2024-07-23,25.1,16.5,20.7,0.4,0.4,18.5,51,25,1301.7
2024-07-24,23.0,15.2,19.2,0.9,0.9,13.0,51,41,2443.7
2024-07-25,25.8,13.6,20.2,0.0,0.0,5.9,3,54,3437.1
2024-07-26,27.9,15.0,22.1,0.0,0.0,8.1,3,62,3830.55
2024-07-27,30.1,17.1,23.1,0.2,0.2,18.8,51,52,2885.95
2024-07-28,24.1,16.2,20.4,3.8,3.8,11.3,55,85,5183.25
2024-07-29,28.4,14.4,21.5,0.0,0.0,8.9,2,48,2777.35
2024-07-30,32.2,17.9,24.7,0.0,0.0,10.3,3,37,2116.1
2024-07-31,31.6,18.3,24.8,0.5,0.5,15.0,51,58,3547.0
2024-08-01,26.4,18.9,22.9,0.5,0.5,12.3,51,73,4325.75
2024-08-02,27.5,18.0,22.1,2.0,2.0,16.7,61,56,3530.85
2024-08-03,26.0,16.1,21.1,0.1,0.1,14.9,51,46,2616.17
2024-08-04,24.8,15.9,20.6,0.3,0.3,11.5,51,77,5134.32
2024-08-05,26.2,16.2,20.9,0.0,0.0,9.4,3,36,2097.97
2024-08-06,29.5,15.8,22.6,0.0,0.0,10.0,3,42,2530.25
2024-08-07,26.5,17.8,22.3,0.3,0.3,12.8,51,42,2485.05
2024-08-08,26.0,17.3,21.1,1.9,1.9,10.2,53,49,2761.35
2024-08-09,28.3,14.5,21.7,0.0,0.0,11.9,2,48,3136.7
2024-08-10,28.8,16.5,22.9,0.0,0.0,8.4,1,47,2783.47
2024-08-11,30.0,17.7,24.1,0.0,0.0,9.3,3,83,5939.72
2024-08-12,32.1,20.1,25.6,0.6,0.6,10.7,53,37,2293.42
2024-08-13,31.7,18.5,25.2,0.0,0.0,10.5,3,31,1646.19
2024-08-14,28.2,19.3,23.5,0.7,0.7,13.6,53,45,2460.55
2024-08-15,28.4,17.8,22.7,0.0,0.0,11.9,3,34,1671.55
2024-08-16,29.1,19.2,23.6,0.0,0.0,15.2,1,68,3948.7
2024-08-17,27.5,18.3,23.2,0.0,0.0,9.2,3,52,3267.57
2024-08-18,20.8,17.5,18.9,21.4,21.4,17.8,63,99,6580.07
2024-08-19,23.0,16.5,19.2,4.0,4.0,15.0,55,53,3068.52
2024-08-20,25.2,14.1,19.9,0.0,0.0,9.5,3,28,1612.5
2024-08-21,21.8,13.1,18.6,1.5,1.5,16.2,55,44,2389.02
2024-08-22,25.4,10.8,17.7,0.0,0.0,5.9,3,35,2179.05
2024-08-23,28.5,12.0,20.4,0.0,0.0,15.5,3,62,3812.65
2024-08-24,32.9,15.8,23.9,2.1,2.1,27.5,61,47,2894.87
2024-08-25,21.1,15.0,18.0,22.2,22.2,21.1,65,111,7148.99
2024-08-26,21.0,12.8,17.0,0.0,0.0,10.8,3,43,2466.35
2024-08-27,25.7,11.5,18.6,0.0,0.0,10.0,3,49,2777.67
2024-08-28,30.5,15.2,22.3,0.1,0.1,7.7,51,46,2522.8
2024-08-29,31.2,15.9,23.7,0.0,0.0,8.6,3,48,2912.47
2024-08-30,30.5,17.0,24.1,0.0,0.0,7.9,3,71,4228.5
2024-08-31,28.0,18.5,23.2,0.0,0.0,11.0,3,69,4603.85
2024-09-01,29.9,18.2,23.5,7.6,7.6,25.0,63,102,6207.42
2024-09-02,27.0,16.4,21.2,0.4,0.4,10.0,51,33,1617.55
2024-09-03,27.8,17.2,21.8,3.9,3.9,11.4,63,42,2661.91
2024-09-04,24.3,17.4,20.6,2.3,2.3,9.0,53,30,1423.27
2024-09-05,24.0,15.2,18.7,2.7,2.7,22.8,53,57,3071.47
2024-09-06,24.7,14.5,18.8,0.0,0.0,10.0,3,66,3855.45
2024-09-07,28.5,13.6,21.3,0.0,0.0,15.3,3,58,3579.22
2024-09-08,20.2,15.4,18.1,20.2,20.2,15.0,63,105,7003.32
2024-09-09,20.0,12.9,16.3,13.9,13.9,23.4,63,35,2005.52
2024-09-10,17.8,12.2,15.2,0.3,0.3,19.2,51,39,2424.85
2024-09-11,16.2,9.8,13.3,14.8,14.8,17.2,63,59,3242.7
2024-09-12,13.8,6.2,10.0,6.2,6.2,14.8,61,34,1757.0
2024-09-13,12.4,5.4,8.9,4.8,4.8,16.2,63,73,4620.47
2024-09-14,13.8,8.2,10.6,2.6,2.6,13.2,53,76,5026.15
2024-09-15,16.7,5.4,10.6,0.0,0.0,18.8,3,83,5017.32
2024-09-16,14.3,6.8,10.8,0.9,0.9,12.3,51,32,1845.2
2024-09-17,18.9,11.1,13.7,1.2,1.2,19.8,53,41,2195.47
2024-09-18,21.2,8.4,14.0,0.0,0.0,15.9,3,30,1714.0
2024-09-19,20.5,9.8,14.5,0.2,0.2,7.2,51,31,1700.95
2024-09-20,22.8,9.2,15.4,0.0,0.0,9.2,2,62,3660.9
2024-09-21,22.9,9.6,16.3,0.0,0.0,9.2,3,69,4264.9
2024-09-22,22.5,12.1,16.6,4.7,4.7,13.3,61,76,4637.3
2024-09-23,16.1,11.6,14.8,7.9,7.9,8.8,61,40,1991.0
2024-09-24,19.0,11.0,14.4,2.4,2.4,22.3,55,35,1978.45
2024-09-25,21.0,10.6,15.7,2.8,2.8,15.4,53,44,2920.57
2024-09-26,19.3,14.4,16.6,26.4,26.4,30.4,63,62,3636.82
2024-09-27,18.5,9.2,13.3,10.7,10.7,22.4,63,75,4825.92
2024-09-28,12.0,6.8,10.6,7.0,7.0,15.4,53,66,4002.8
2024-09-29,15.4,3.3,10.1,0.0,0.0,16.4,3,85,5190.07
2024-09-30,19.4,9.7,14.3,1.2,1.2,21.5,51,37,2136.2
2024-10-01,15.0,12.5,14.0,23.9,23.9,13.8,63,46,2747.55
2024-10-02,15.1,10.2,12.1,9.0,9.0,17.6,63,49,2535.05
2024-10-03,13.3,8.4,10.3,5.3,5.3,19.6,61,50,2789.05
2024-10-04,13.2,7.3,9.7,2.3,2.3,19.0,53,68,4419.25
2024-10-05,13.8,6.4,9.4,0.1,0.1,8.7,51,56,3599.9
2024-10-06,15.7,6.6,10.5,0.2,0.2,15.5,51,77,4690.77
2024-10-07,20.0,10.4,15.3,5.6,5.6,10.4,63,38,2099.15
2024-10-08,15.4,11.3,14.0,17.1,17.1,8.5,63,43,2428.6
2024-10-09,18.0,10.8,14.1,0.5,0.5,19.4,51,36,2146.0
2024-10-10,18.2,10.9,14.1,1.5,1.5,33.9,53,46,2649.55
2024-10-11,14.2,6.6,11.1,0.8,0.8,12.0,51,42,2439.4
2024-10-12,15.1,4.4,10.1,4.2,4.2,14.1,55,56,3813.95
2024-10-13,16.8,9.9,13.8,1.7,1.7,17.9,53,72,4924.15
2024-10-14,21.0,6.9,14.1,2.0,2.0,15.6,61,34,1919.1
2024-10-15,17.0,11.1,13.6,6.4,6.4,13.9,63,29,1779.85
2024-10-16,18.6,9.9,14.0,0.6,0.6,13.1,53,37,2309.45
2024-10-17,20.9,11.6,15.5,3.7,3.7,12.0,63,28,1712.5
2024-10-18,17.7,8.6,13.6,2.0,2.0,13.6,55,71,4067.35
2024-10-19,17.0,8.1,11.8,0.0,0.0,9.7,3,63,3933.1
2024-10-20,17.4,8.1,12.0,0.0,0.0,7.1,3,79,5072.9
2024-10-21,20.6,8.7,13.5,0.0,0.0,11.0,3,38,2019.8
2024-10-22,17.5,12.4,14.8,3.1,3.1,12.3,61,28,1758.22
2024-10-23,15.2,10.1,12.2,1.9,1.9,8.5,53,51,3064.4
2024-10-24,18.4,9.8,13.5,0.9,0.9,11.7,51,49,2671.15
2024-10-25,16.8,9.2,12.4,0.0,0.0,15.0,3,78,4661.85
2024-10-26,16.6,8.4,11.3,0.0,0.0,11.8,3,61,3858.65
2024-10-27,18.3,7.7,12.5,0.6,0.6,8.4,53,91,5376.65
2024-10-28,17.9,7.6,11.7,0.0,0.0,9.2,2,35,1915.05
2024-10-29,17.0,7.9,11.5,0.0,0.0,10.4,2,43,2714.25
2024-10-30,14.1,7.2,10.3,0.0,0.0,8.3,3,53,2943.75
2024-10-31,14.9,5.0,10.6,0.0,0.0,11.2,3,48,2687.15
2024-11-01,16.0,5.6,10.1,0.0,0.0,8.2,3,69,3911.1
2024-11-02,10.8,5.8,8.4,0.0,0.0,7.5,3,65,3767.8
2024-11-03,14.3,5.3,9.0,0.0,0.0,13.5,3,89,5579.5
2024-11-04,11.4,3.0,6.4,0.0,0.0,10.5,3,40,1919.45
2024-11-05,14.8,4.0,8.8,0.0,0.0,9.2,3,32,1524.05
2024-11-06,13.9,4.8,9.3,0.0,0.0,7.8,3,46,2684.85
2024-11-07,9.4,5.6,7.7,0.0,0.0,10.5,3,36,2030.35
2024-11-08,12.9,6.5,9.1,0.0,0.0,9.3,3,63,3536.5
2024-11-09,13.4,4.0,8.2,0.0,0.0,11.8,3,71,3945.1
2024-11-10,9.6,3.9,7.0,0.0,0.0,6.0,3,74,4601.0
2024-11-11,8.5,5.8,7.0,3.3,3.3,9.9,61,31,1752.0
2024-11-12,9.4,4.2,6.7,0.1,0.1,14.3,51,37,1868.05
2024-11-13,5.8,3.7,4.7,0.0,0.0,10.3,3,44,2399.3
2024-11-14,7.1,1.4,3.7,0.1,0.1,5.5,51,52,2757.15
2024-11-15,8.6,0.2,4.2,0.0,0.0,6.5,3,45,2884.55
2024-11-16,9.1,-0.2,3.2,0.0,0.0,7.1,3,75,4317.65
2024-11-17,10.1,1.2,5.5,0.2,0.2,19.0,51,75,4258.95
2024-11-18,10.1,6.2,7.7,0.1,0.1,22.6,51,31,1528.75
2024-11-19,11.1,7.5,9.6,14.2,14.2,34.2,63,37,2381.65
2024-11-20,9.6,1.5,4.3,14.5,14.4,27.4,71,38,2013.05
2024-11-21,2.3,-0.2,1.3,29.9,0.3,16.4,75,34,1836.3
2024-11-22,1.5,-4.0,-0.7,7.5,0.0,23.4,75,70,3887.65
2024-11-23,2.5,-5.7,-0.5,1.0,0.0,14.8,73,71,4723.62
2024-11-24,8.1,0.9,5.2,0.1,0.1,7.8,51,91,5799.9
2024-11-25,16.8,3.3,9.3,7.1,7.1,15.1,63,53,2786.8
2024-11-26,12.1,4.1,8.5,12.6,12.6,14.8,63,43,2208.35
2024-11-27,11.4,3.7,7.1,0.0,0.0,7.6,3,50,3020.55
2024-11-28,11.1,1.9,7.4,13.9,13.9,20.2,63,42,2284.1
2024-11-29,5.9,-0.6,2.0,0.0,0.0,11.0,2,86,4605.32
2024-11-30,6.4,-2.1,1.3,0.0,0.0,11.9,1,71,4191.5
2024-12-01,7.1,-2.4,1.8,0.0,0.0,9.5,3,96,5805.79
2024-12-02,10.6,2.7,6.8,9.7,9.7,14.0,61,41,1832.25
2024-12-03,7.4,3.8,5.8,0.0,0.0,14.9,3,43,2355.05
2024-12-04,5.3,2.1,3.6,0.4,0.4,8.1,51,56,2937.9
2024-12-05,6.3,-2.4,2.3,3.9,2.0,9.8,73,61,3371.05
2024-12-06,9.9,4.7,7.6,10.4,10.4,30.4,63,58,2968.82
2024-12-07,9.2,3.5,6.0,7.8,7.8,23.1,61,82,4905.32
2024-12-08,5.7,2.8,4.4,4.2,4.2,12.0,53,97,6057.67
2024-12-09,5.9,2.7,4.0,2.3,2.3,15.1,51,39,1973.75
2024-12-10,4.8,2.0,3.5,0.9,0.9,12.6,51,40,1990.5
2024-12-11,4.3,2.7,3.5,0.0,0.0,12.3,3,44,2311.2
2024-12-12,4.2,0.2,2.7,0.0,0.0,9.5,3,47,2883.77
2024-12-13,4.1,-2.0,0.3,0.0,0.0,11.2,3,70,4897.05
2024-12-14,3.8,-2.0,2.0,3.7,3.7,14.2,53,81,4814.1
2024-12-15,5.2,0.6,2.9,0.4,0.4,15.9,51,89,5644.15
2024-12-16,8.4,1.4,4.4,0.0,0.0,6.9,3,43,2639.6
2024-12-17,7.5,-0.6,2.5,0.0,0.0,5.9,3,44,2184.35
2024-12-18,10.9,-0.6,4.7,0.6,0.6,5.4,53,40,2467.35
2024-12-19,13.9,3.0,7.4,8.5,8.5,23.6,63,48,2980.8
2024-12-20,4.7,0.2,1.9,3.4,0.6,18.3,75,74,4883.45
2024-12-21,7.8,0.1,4.1,1.5,1.5,17.1,53,65,4017.45
2024-12-22,8.4,1.5,5.2,22.9,22.1,36.5,73,109,7063.4
2024-12-27,4.3,-3.0,-1.0,0.0,0.0,9.0,2,78,4639.35
2024-12-28,6.1,-3.0,-0.2,0.0,0.0,6.4,2,69,5301.15
2024-12-29,3.2,-4.8,-1.7,0.0,0.0,3.6,3,89,5112.2
2025-01-02,9.9,1.2,5.3,16.8,15.8,20.7,73,72,4476.25
2025-01-03,2.3,-2.6,0.2,0.0,0.0,13.0,3,77,4705.65
2025-01-04,1.9,-4.8,-1.5,2.7,2.7,11.8,61,75,4896.1
2025-01-05,9.1,0.6,3.9,18.5,18.5,11.8,63,95,5517.45
2025-01-06,13.0,-0.3,6.4,8.3,8.3,21.0,61,27,1638.0
2025-01-07,6.8,1.9,4.5,2.8,2.3,23.9,73,45,2605.2
2025-01-08,12.6,2.7,6.5,18.0,18.0,26.8,63,42,2297.25
2025-01-09,12.5,2.0,8.1,10.6,10.6,29.6,63,50,2895.9
2025-01-10,4.3,-0.2,1.5,0.0,0.0,12.3,3,82,5080.9
2025-01-11,1.4,-2.9,-0.9,0.0,0.0,9.6,3,65,3979.15
2025-01-12,1.4,-3.7,-1.6,0.1,0.0,11.7,71,69,4213.0
2025-01-13,2.2,-4.2,-2.3,0.0,0.0,7.3,3,24,1700.45
2025-01-14,2.2,-5.1,-2.3,0.0,0.0,9.5,3,45,2423.9
2025-01-15,2.4,-5.3,-1.4,0.0,0.0,6.8,3,34,1861.35
2025-01-16,4.6,-1.2,0.8,0.0,0.0,7.6,3,34,1931.15
2025-01-17,3.4,-1.4,0.7,0.0,0.0,10.1,3,60,3335.65
2025-01-18,5.0,-2.6,0.5,0.0,0.0,11.3,3,62,3968.8
2025-01-19,5.2,-2.4,0.1,0.0,0.0,9.1,3,75,4446.7
2025-01-20,7.7,-2.0,0.8,0.0,0.0,5.9,3,37,2376.35
2025-01-21,6.8,-4.2,-0.3,0.0,0.0,9.6,3,30,1659.45
2025-01-22,2.7,-1.2,0.9,3.9,3.9,12.9,53,46,2790.75
2025-01-23,8.1,1.1,4.7,8.1,8.1,25.2,63,34,1773.35
2025-01-24,10.9,-0.8,5.5,0.0,0.0,8.9,3,76,4599.9
2025-01-25,15.5,4.7,8.5,0.4,0.4,10.0,51,76,4990.95
2025-01-26,11.0,5.2,7.6,5.4,5.4,20.3,63,123,8083.95
2025-01-27,9.3,6.6,8.0,15.6,15.6,17.9,63,46,2818.0
2025-01-28,10.0,4.9,7.2,2.0,2.0,19.4,53,45,2489.2
2025-01-29,10.6,2.8,6.9,4.3,4.1,24.7,71,50,2737.55
2025-01-30,8.1,2.1,4.8,3.8,3.8,9.8,53,46,2760.85
2025-01-31,5.8,0.3,4.0,2.1,2.1,11.5,53,82,4915.7
2025-02-01,3.7,-0.9,1.1,0.0,0.0,8.3,3,67,4479.9
2025-02-02,5.7,-1.1,2.4,0.0,0.0,8.3,3,95,6016.2
2025-02-03,5.0,-2.1,1.6,0.0,0.0,9.8,3,35,1990.1
2025-02-04,5.2,-2.3,1.5,0.0,0.0,6.6,3,32,1899.65
2025-02-05,4.8,-4.1,-0.6,0.0,0.0,4.9,3,40,2102.45
2025-02-06,1.5,-1.5,0.1,0.0,0.0,10.2,3,47,2612.65
2025-02-07,6.3,-0.1,2.4,0.0,0.0,15.0,3,64,4175.3
2025-02-08,8.5,-1.2,2.1,0.0,0.0,12.4,3,72,4251.02
2025-02-09,7.9,0.4,3.8,0.0,0.0,11.7,3,88,5049.6
2025-02-10,5.7,0.4,3.1,8.3,8.3,14.5,61,35,2077.9
2025-02-11,9.1,3.7,6.0,4.2,4.2,9.3,53,29,1731.75
2025-02-12,13.2,5.2,7.9,1.7,1.7,7.9,53,36,2101.9
2025-02-13,6.9,2.5,4.7,15.1,15.0,12.1,71,40,2258.25
2025-02-14,2.2,-2.3,-0.2,4.2,0.4,16.5,75,87,5808.55
2025-02-15,4.0,-2.8,-0.2,0.0,0.0,11.8,3,59,4013.3
2025-02-16,5.4,-2.3,0.6,0.0,0.0,10.4,3,80,5395.55
2025-02-17,4.7,-3.0,0.7,0.0,0.0,13.8,3,42,2484.8
2025-02-18,5.5,-2.2,1.2,0.0,0.0,13.1,3,40,2634.85
2025-02-19,8.4,-1.6,2.6,0.0,0.0,15.1,3,42,3037.8
2025-02-20,13.8,1.2,6.7,0.0,0.0,7.4,3,33,2290.65
2025-02-21,13.8,3.1,7.5,0.0,0.0,12.0,3,85,5069.35
2025-02-22,15.5,4.6,9.1,2.9,2.9,8.2,61,79,5131.75
2025-02-23,11.9,4.0,8.4,2.9,2.9,10.1,53,79,5596.95
2025-02-24,13.1,4.1,8.4,0.0,0.0,9.2,3,37,1942.1
2025-02-25,11.9,6.4,8.5,3.0,3.0,18.2,53,50,2825.7
2025-02-26,7.5,2.1,5.3,1.5,1.5,25.4,51,47,2469.2
2025-02-27,8.9,1.7,4.8,3.8,3.8,15.5,53,57,3457.7
2025-02-28,6.3,0.6,3.4,0.3,0.3,9.6,51,101,6617.05
2025-03-01,8.6,-0.2,3.3,0.0,0.0,17.4,3,93,5640.65
2025-03-02,9.6,-1.5,2.9,0.0,0.0,13.5,3,98,6421.55
2025-03-03,10.5,-2.0,3.1,0.0,0.0,6.7,0,42,2679.3
2025-03-04,12.5,-1.1,4.2,0.0,0.0,8.3,3,43,2313.5
2025-03-05,14.1,-1.2,5.0,0.0,0.0,8.2,0,55,3100.55
2025-03-06,15.6,-1.8,5.8,0.0,0.0,6.0,2,61,3448.95
2025-03-07,15.1,1.8,7.4,0.0,0.0,6.0,3,82,5075.5
2025-03-08,15.9,0.3,7.4,0.0,0.0,9.5,3,74,4721.5
2025-03-09,16.6,1.4,8.2,0.0,0.0,8.5,3,61,3613.5
2025-03-10,12.4,3.8,8.1,2.3,2.3,11.1,53,85,5007.8
2025-03-11,14.2,2.2,6.8,7.5,7.5,14.5,63,47,2882.75
2025-03-12,8.6,4.9,6.5,18.1,18.1,10.1,63,54,3135.35
2025-03-13,9.9,2.3,5.5,6.1,6.1,21.2,61,56,3587.1
2025-03-14,6.9,0.1,3.7,0.0,0.0,14.8,3,74,4004.8
2025-03-15,6.8,2.2,4.5,2.1,2.1,18.1,51,68,4450.35
2025-03-16,4.9,2.8,3.7,5.8,5.8,10.4,53,102,6322.7
2025-03-17,10.4,2.5,5.3,0.0,0.0,18.0,3,33,1606.3
2025-03-18,10.4,0.1,4.7,0.0,0.0,14.9,0,29,1853.7
2025-03-19,14.7,-0.5,6.2,0.0,0.0,8.4,0,39,2316.15
2025-03-20,18.0,1.5,9.5,0.0,0.0,10.9,3,48,2896.45
2025-03-21,17.3,5.8,11.4,0.0,0.0,15.5,3,74,4774.95
2025-03-22,18.9,8.2,12.7,0.1,0.1,13.5,51,57,3712.35
2025-03-23,13.0,7.5,10.0,17.8,17.8,15.0,63,94,5920.4
2025-03-24,14.5,5.2,9.4,7.0,7.0,11.0,63,32,1893.65
2025-03-25,15.7,5.6,10.5,0.8,0.8,10.3,51,45,2613.0
2025-03-26,12.0,6.5,9.1,0.1,0.1,12.4,51,42,2291.4
2025-03-27,12.8,5.3,8.6,0.6,0.6,14.1,51,50,2916.15
2025-03-28,13.9,3.4,8.7,0.0,0.0,11.1,3,76,4403.3
2025-03-29,11.0,6.9,8.8,2.0,2.0,17.8,53,99,5962.3
2025-03-30,13.9,3.0,8.8,0.0,0.0,19.3,3,86,5359.8
2025-03-31,11.2,4.8,7.8,0.6,0.6,14.6,51,43,2257.85
2025-04-01,11.9,2.7,7.5,0.1,0.1,28.4,51,52,2730.25
2025-04-02,17.5,3.2,10.4,0.0,0.0,17.4,1,43,2407.7
2025-04-03,19.0,5.3,11.9,0.0,0.0,9.1,3,26,1768.2
2025-04-04,20.3,5.4,12.6,0.0,0.0,6.8,0,60,3500.17
2025-04-05,20.3,5.7,12.9,0.0,0.0,7.3,3,60,3721.75
2025-04-06,13.8,4.8,9.3,0.0,0.0,16.1,0,104,6389.95
2025-04-07,14.1,1.1,7.3,0.0,0.0,9.1,0,28,1547.5
2025-04-08,15.8,2.5,8.8,0.0,0.0,10.5,3,35,1889.2
2025-04-09,16.5,2.8,9.9,0.0,0.0,12.7,3,33,1812.15
2025-04-10,17.5,3.6,10.3,0.0,0.0,10.4,2,42,2475.65
2025-04-11,19.9,3.7,11.3,0.0,0.0,9.0,0,59,3485.6
2025-04-12,22.8,4.9,13.9,0.0,0.0,9.5,3,71,4411.5
2025-04-13,17.2,10.6,13.6,1.2,1.2,8.1,53,82,5060.05
2025-04-14,19.2,11.1,15.0,9.0,9.0,10.9,63,36,2063.15
2025-04-15,17.5,10.2,13.1,7.7,7.7,9.2,61,42,2293.12
2025-04-16,14.4,7.9,10.6,8.4,8.4,25.1,61,35,2063.4
2025-04-17,9.8,6.2,8.1,11.0,11.0,15.4,55,54,3165.5
2025-04-18,11.9,5.1,8.2,0.4,0.4,12.9,51,57,4132.57
2025-04-19,20.3,1.6,10.9,0.0,0.0,10.1,3,35,2299.0
2025-04-20,13.9,6.9,10.5,1.2,1.2,21.6,51,48,2944.6
2025-04-21,14.6,6.6,10.1,8.6,8.6,13.3,63,80,5068.3
2025-04-22,17.8,5.6,12.0,0.0,0.0,5.8,3,40,2528.7
2025-04-23,15.8,7.6,11.0,5.5,5.5,16.8,61,41,2185.75
2025-04-24,14.1,7.7,10.6,3.1,3.1,14.4,55,39,2307.85
2025-04-25,15.2,8.4,11.0,8.2,8.2,15.4,61,80,4791.2
2025-04-26,15.4,7.3,11.5,0.2,0.2,8.7,51,78,4816.6
2025-04-27,19.2,7.2,12.7,1.2,1.2,6.1,53,97,6195.0
2025-04-28,20.8,8.6,14.2,0.0,0.0,10.0,3,34,2059.05
2025-04-29,22.5,9.5,15.5,0.0,0.0,9.6,3,30,1603.35
2025-04-30,23.5,9.8,16.8,0.0,0.0,6.2,0,38,2214.25
2025-05-01,25.4,10.0,17.6,0.0,0.0,7.8,0,55,3980.5
2025-05-02,26.2,11.1,19.1,0.0,0.0,8.1,3,45,2483.15
2025-05-03,23.1,14.9,17.8,13.1,13.1,16.3,63,67,4321.65
2025-05-04,15.9,9.3,12.9,5.1,5.1,17.4,53,95,6428.85
2025-05-05,10.4,6.8,8.7,14.7,14.7,15.3,61,47,2725.0
2025-05-06,12.9,6.8,9.9,0.9,0.9,15.7,51,37,2158.95
2025-05-07,13.7,7.0,9.7,3.8,3.8,9.8,53,48,2940.1
2025-05-08,15.7,8.3,11.0,4.1,4.1,12.0,63,48,2546.75
2025-05-09,16.6,6.1,11.2,0.0,0.0,17.5,3,51,3245.35
2025-05-10,19.6,6.1,13.0,0.0,0.0,9.1,0,56,3609.4
2025-05-11,22.1,8.1,15.3,0.0,0.0,8.0,0,81,4990.65
2025-05-12,19.8,9.9,14.3,1.0,1.0,15.4,51,40,2065.4
2025-05-13,20.2,10.6,14.9,2.0,2.0,9.0,53,42,2339.4
2025-05-14,22.1,8.1,15.7,0.0,0.0,8.0,1,34,1917.75
2025-05-15,20.8,9.2,14.9,0.0,0.0,18.0,3,38,2160.0
2025-05-16,19.1,6.8,13.1,0.0,0.0,16.4,3,70,4400.65
2025-05-17,20.4,8.0,14.2,0.0,0.0,10.1,3,55,3562.95
2025-05-18,22.0,8.6,15.2,0.0,0.0,12.1,3,87,5734.35
2025-05-19,24.5,8.9,17.2,0.0,0.0,13.2,3,35,1875.65
2025-05-20,22.3,13.1,16.7,10.1,10.1,10.3,63,40,2285.5
2025-05-21,20.5,12.1,15.3,22.6,22.6,19.1,65,33,1946.75
2025-05-22,15.1,9.2,11.7,15.5,15.5,12.4,63,51,2911.2
2025-05-23,16.7,7.0,11.7,5.6,5.6,10.3,61,68,3741.6
2025-05-24,17.0,5.4,11.9,0.2,0.2,10.8,51,69,4364.3
2025-05-25,20.7,11.1,15.0,3.0,3.0,18.0,55,103,6284.55
2025-05-26,17.9,12.2,14.5,2.7,2.7,17.1,55,45,2577.35
2025-05-27,19.2,11.2,15.3,0.1,0.1,14.7,51,54,3027.6
2025-05-28,18.2,13.2,15.6,13.9,13.9,25.6,63,66,4116.65
2025-05-29,21.8,12.8,16.6,1.1,1.1,14.3,53,76,4787.75
2025-05-30,25.8,10.4,18.5,0.0,0.0,5.8,3,49,3380.5
2025-05-31,29.5,12.6,21.4,0.0,0.0,9.4,3,48,2830.35
2025-06-01,28.2,16.4,21.4,7.2,7.2,17.8,63,94,6151.4
2025-06-02,21.4,15.6,17.6,10.9,10.9,19.3,63,57,3381.4
2025-06-03,23.5,14.6,18.6,1.2,1.2,13.3,53,45,2403.3
2025-06-04,21.8,15.1,17.6,12.1,12.1,15.7,61,44,2827.95
2025-06-05,19.5,12.9,16.5,0.9,0.9,13.2,53,59,3573.25
2025-06-06,23.8,15.1,18.9,5.9,5.9,17.4,61,69,4021.35
2025-06-07,19.4,15.2,17.0,3.7,3.7,19.8,55,64,3774.82
2025-06-08,18.4,11.9,16.0,2.8,2.8,26.2,61,77,4642.3
2025-06-09,21.1,8.9,15.8,0.0,0.0,6.6,1,84,5111.7
2025-06-10,24.6,10.0,18.2,0.0,0.0,12.3,3,29,1919.0
2025-06-11,25.0,12.9,19.0,0.0,0.0,9.7,3,27,1541.55
2025-06-12,30.2,13.6,21.9,0.0,0.0,11.2,3,34,1821.1
2025-06-13,32.8,17.2,24.9,0.0,0.0,10.1,3,49,2816.1
2025-06-14,33.3,18.9,25.9,0.1,0.1,12.9,51,45,2948.2
2025-06-15,28.0,17.2,21.5,7.6,7.6,19.3,63,101,6671.45
2025-06-16,22.2,15.2,18.1,3.7,3.7,11.7,61,36,2001.95
2025-06-17,25.4,12.2,19.0,0.0,0.0,16.6,0,20,1191.35
2025-06-18,26.6,13.8,20.5,0.0,0.0,7.3,3,22,1761.7
2025-06-19,27.5,15.6,21.6,0.0,0.0,14.8,0,51,2997.2
2025-06-20,27.5,15.6,21.4,0.0,0.0,16.2,3,46,3212.45
2025-06-21,29.2,15.0,22.5,0.0,0.0,6.6,2,44,2475.25
2025-06-22,33.0,15.9,25.0,0.0,0.0,10.8,3,60,3548.9
2025-06-23,27.6,18.5,23.5,2.0,2.0,19.6,61,39,2314.4
2025-06-24,29.4,16.3,23.2,0.0,0.0,12.5,0,33,1923.0
2025-06-25,32.6,15.1,24.9,0.0,0.0,8.1,3,40,2420.0
2025-06-26,27.1,19.6,23.6,0.3,0.3,24.1,51,35,2107.05
2025-06-27,28.3,17.2,23.0,0.2,0.2,12.4,51,72,4333.85
2025-06-28,30.9,17.4,24.7,0.0,0.0,7.5,1,65,3780.65
2025-06-29,32.5,19.0,26.0,0.0,0.0,13.1,2,63,3718.0
2025-06-30,32.1,19.9,26.1,1.9,1.9,12.9,61,57,3455.0
2025-07-01,33.0,20.9,27.3,0.0,0.0,7.1,3,38,2315.5
2025-07-02,35.5,19.6,28.4,0.1,0.1,13.1,51,33,1935.45
2025-07-03,26.8,19.9,23.9,2.8,2.8,14.0,63,42,2666.55
2025-07-04,27.5,16.7,22.0,3.4,3.4,10.4,63,49,3298.0
2025-07-05,29.2,15.1,22.4,0.0,0.0,14.2,3,44,2807.87
2025-07-06,26.4,15.8,19.9,1.3,1.3,24.1,53,91,6148.25
2025-07-07,20.2,13.9,16.4,14.6,14.6,23.2,63,60,3377.0
2025-07-08,16.1,12.6,14.2,11.0,11.0,18.0,63,43,2397.07
2025-07-09,20.5,10.6,15.9,0.0,0.0,9.0,3,41,1987.85
2025-07-10,23.7,10.9,17.8,0.0,0.0,8.5,1,37,2233.55
2025-07-11,25.4,13.2,19.6,0.0,0.0,12.1,0,54,3168.81
2025-07-12,26.1,13.8,20.3,0.0,0.0,10.5,3,39,2595.82
2025-07-13,27.9,14.9,21.5,5.1,5.1,11.7,63,100,6025.3
2025-07-14,25.9,18.3,22.1,2.3,2.3,17.8,53,42,2344.85
2025-07-15,25.0,17.5,21.2,0.4,0.4,18.8,51,42,2504.7
2025-07-16,22.1,16.6,19.0,1.8,1.8,16.4,51,34,2088.95
2025-07-17,25.3,14.9,20.0,0.1,0.1,12.8,51,45,2665.0
2025-07-18,27.6,14.1,21.4,0.0,0.0,8.6,3,58,3261.97
2025-07-19,30.1,16.4,21.8,1.4,1.4,18.2,55,56,3819.62
2025-07-20,29.5,17.1,22.1,12.2,12.2,14.9,65,71,4105.9
2025-07-21,22.9,17.3,19.6,6.6,6.6,15.1,61,35,2025.5
2025-07-22,22.3,15.6,18.9,0.1,0.1,21.0,51,45,2507.0
2025-07-23,24.3,12.9,19.3,0.0,0.0,11.2,3,46,2676.61
2025-07-24,22.5,14.7,18.5,4.9,4.9,12.8,63,47,2709.15
2025-07-25,22.0,13.7,18.1,2.2,2.2,7.4,53,84,5587.87
2025-07-26,23.0,14.1,18.0,6.4,6.4,11.2,63,74,5150.25
2025-07-27,22.2,15.2,17.9,39.5,39.5,15.5,65,125,8521.7
2025-07-28,17.9,12.9,15.0,17.8,17.8,16.9,63,45,2813.62
2025-07-29,20.5,11.7,16.4,0.3,0.3,10.2,51,50,2633.75
2025-07-30,21.9,12.4,17.0,3.8,3.8,14.2,63,47,2751.1
2025-07-31,22.8,14.6,18.7,3.3,3.3,13.8,63,45,2855.05
2025-08-01,23.0,14.9,18.3,13.8,13.8,16.8,65,52,3584.05
2025-08-02,18.7,13.9,15.6,29.3,29.3,11.0,65,76,4892.09
2025-08-03,20.7,12.2,16.4,0.2,0.2,9.3,51,67,4207.95
2025-08-04,24.2,12.4,18.4,0.0,0.0,8.0,3,34,2327.05
2025-08-05,26.3,15.1,19.8,0.1,0.1,18.4,51,26,1685.45
2025-08-06,22.8,12.1,17.0,0.0,0.0,12.5,3,38,2673.35
2025-08-07,26.9,12.3,19.7,0.0,0.0,6.3,2,41,2532.97
2025-08-08,31.3,15.6,23.2,0.0,0.0,8.9,0,53,3123.35
2025-08-09,33.7,17.0,25.2,0.0,0.0,11.3,0,57,3153.47
2025-08-10,28.6,18.6,23.1,0.0,0.0,15.2,0,79,5122.6
2025-08-11,30.4,15.8,23.1,0.0,0.0,11.1,0,30,1769.0
2025-08-12,34.3,18.3,26.4,0.0,0.0,9.8,0,34,2081.45
2025-08-13,33.5,18.8,26.3,0.0,0.0,5.8,1,29,1374.45
2025-08-14,31.7,19.5,25.7,0.0,0.0,9.7,3,38,2014.5
2025-08-15,31.0,19.2,25.0,0.0,0.0,8.7,3,60,3162.95
2025-08-16,28.0,18.8,23.0,2.4,2.4,13.5,61,52,3319.05
2025-08-17,26.0,16.1,20.9,0.0,0.0,13.1,3,88,5169.07
2025-08-18,27.6,13.6,20.5,0.0,0.0,9.5,2,25,1589.0
2025-08-19,30.5,15.5,23.1,0.1,0.1,16.4,51,46,2556.3
2025-08-20,24.5,17.8,20.0,7.0,7.0,11.9,55,44,2697.25
2025-08-21,18.1,15.6,17.1,21.0,21.0,12.6,63,35,2200.17
2025-08-22,21.4,14.8,17.5,0.0,0.0,12.1,3,67,3706.6
2025-08-23,19.9,13.1,16.4,0.0,0.0,9.4,3,60,3793.35
2025-08-24,21.5,10.9,15.8,0.0,0.0,9.1,1,72,4135.97
2025-08-25,24.2,10.8,17.3,0.0,0.0,7.0,3,40,2433.42
2025-08-26,28.9,12.7,21.0,0.7,0.7,13.5,53,41,2237.0
2025-08-27,24.5,17.2,20.6,2.0,2.0,10.2,53,50,2869.4
2025-08-28,20.4,16.5,18.5,33.9,33.9,10.9,63,54,3305.75
2025-08-29,22.4,12.0,17.0,4.1,4.1,11.5,61,78,5138.6
2025-08-30,19.7,12.9,16.4,0.6,0.6,12.3,51,74,4524.05
2025-08-31,25.4,12.6,18.3,0.0,0.0,11.9,3,79,4791.9
2025-09-01,20.1,15.1,17.2,9.7,9.7,13.2,63,48,2444.95
2025-09-02,20.5,12.1,16.1,1.9,1.9,13.0,55,34,1717.85
2025-09-03,25.3,13.6,18.9,1.4,1.4,11.1,61,37,1840.0
2025-09-04,21.6,15.4,18.0,6.4,6.4,11.6,61,40,2366.2
2025-09-05,19.2,12.2,15.8,3.9,3.9,15.2,63,57,3292.5
2025-09-06,21.9,9.4,15.6,0.0,0.0,12.5,3,62,3597.05
2025-09-07,25.1,11.6,17.9,0.0,0.0,11.2,3,82,5013.47
2025-09-08,20.8,14.2,17.7,0.6,0.6,10.9,51,47,2425.05
2025-09-09,20.2,14.5,17.4,25.1,25.1,21.1,65,38,2461.55
2025-09-10,21.1,12.6,16.1,0.5,0.5,10.2,51,43,2846.3
2025-09-11,19.7,12.8,15.9,1.7,1.7,21.7,51,45,2506.55
2025-09-12,19.1,12.5,15.4,7.1,7.1,16.0,63,58,3521.25
2025-09-13,20.3,10.6,15.2,1.4,1.4,8.3,53,69,4863.3
2025-09-14,21.1,13.7,17.1,7.3,7.3,16.0,63,90,5136.0
2025-09-15,24.4,16.1,19.9,0.6,0.6,23.8,51,43,2271.4
2025-09-16,18.0,12.9,15.3,0.0,0.0,20.8,3,40,2092.8
2025-09-17,20.1,10.1,14.8,0.0,0.0,6.3,3,42,2508.9
2025-09-18,24.6,10.2,16.6,0.0,0.0,6.2,1,28,1627.05
2025-09-19,26.5,11.1,18.4,0.0,0.0,10.3,1,69,3993.55
2025-09-20,27.8,15.1,20.7,0.2,0.2,10.7,51,56,3851.34
2025-09-21,21.4,13.3,17.5,25.6,25.6,16.4,63,107,6817.45
2025-09-22,13.2,10.6,11.9,31.4,31.4,20.6,63,32,1762.5
2025-09-23,11.4,9.6,10.4,12.6,12.6,17.7,63,37,2224.3
2025-09-24,12.3,9.8,10.7,11.1,11.1,12.0,63,41,2488.45
2025-09-25,14.2,9.9,11.4,0.5,0.5,11.6,51,59,3281.7
2025-09-26,12.6,9.4,10.5,9.1,9.1,8.6,61,71,4320.65
2025-09-27,15.1,8.7,11.5,2.4,2.4,6.3,53,70,4453.9
2025-09-28,17.1,7.4,11.7,0.0,0.0,10.8,3,90,5565.42
2025-09-29,16.4,9.7,12.7,0.3,0.3,6.2,51,43,2707.0
2025-09-30,16.7,8.4,12.0,0.1,0.1,10.1,51,39,2022.3
2025-10-01,13.8,8.1,10.8,0.8,0.8,10.3,51,38,2089.37
2025-10-02,14.1,4.0,8.8,0.0,0.0,9.4,1,39,2349.25
2025-10-03,13.6,4.4,9.1,0.0,0.0,10.7,3,55,3534.2
2025-10-04,20.6,9.3,13.5,8.6,8.6,27.7,61,48,3006.4
2025-10-05,12.3,7.8,9.6,3.2,3.2,23.4,61,70,4301.15
2025-10-06,14.4,8.2,11.2,0.3,0.3,14.0,51,40,2345.65
2025-10-07,16.9,7.6,12.4,0.0,0.0,7.9,3,37,2289.45
2025-10-08,17.0,7.4,12.1,0.0,0.0,5.7,3,40,2171.15
2025-10-09,15.4,10.6,12.9,0.8,0.8,11.0,51,49,2587.6
2025-10-10,15.5,8.6,11.5,0.0,0.0,8.3,3,54,3399.35
2025-10-11,16.1,9.2,11.9,0.0,0.0,11.1,3,70,4594.17
2025-10-12,15.2,5.9,10.6,0.0,0.0,8.6,3,88,5997.02
2025-10-13,14.1,7.8,10.9,0.0,0.0,8.7,3,35,2147.05
2025-10-14,15.6,9.0,12.3,0.0,0.0,10.3,3,25,1357.8
2025-10-15,14.1,6.4,10.0,0.0,0.0,8.3,3,35,2320.65
2025-10-16,12.6,7.2,9.5,0.2,0.2,9.0,51,33,1772.0
2025-10-17,13.4,5.9,9.5,0.0,0.0,8.3,3,52,3186.75
2025-10-18,14.9,3.9,8.9,0.0,0.0,10.8,3,51,2806.75
2025-10-19,14.9,5.2,10.0,0.0,0.0,12.0,3,73,4580.02
2025-10-20,14.1,9.2,11.5,9.3,9.3,12.7,61,30,1863.6
2025-10-21,17.9,9.5,13.0,40.9,40.9,12.7,65,39,2075.0
2025-10-22,18.4,12.1,14.0,31.4,31.4,9.2,63,37,2458.4
2025-10-23,16.1,9.4,12.9,13.1,13.1,30.6,63,41,2196.55
2025-10-24,11.1,5.3,8.2,5.3,5.3,27.3,61,71,4123.85
2025-10-25,12.1,6.9,9.4,10.9,10.9,20.6,63,63,4049.8
2025-10-26,10.0,6.2,7.9,5.2,5.2,22.3,61,76,4797.28
2025-10-27,10.9,6.3,8.4,17.6,17.6,30.9,61,41,2504.7
2025-10-28,14.5,8.4,10.9,0.1,0.1,20.5,51,34,1763.55
2025-10-29,15.3,5.5,9.9,4.1,4.1,12.0,61,33,1702.7
2025-10-30,14.9,6.6,11.3,10.9,10.9,15.3,63,43,2351.15
2025-10-31,15.1,6.4,10.3,0.0,0.0,10.5,3,58,3363.0
2025-11-01,16.5,8.7,12.2,10.0,10.0,11.3,63,76,4875.05
2025-11-02,12.6,8.2,11.1,15.3,15.3,15.6,63,79,4829.75
2025-11-03,13.4,5.5,8.9,0.2,0.2,12.5,51,43,2617.95
2025-11-04,12.7,4.2,7.4,0.0,0.0,11.4,3,37,1904.0
2025-11-05,13.0,3.5,7.5,0.0,0.0,11.2,3,35,1918.9
2025-11-06,11.2,2.5,6.4,0.0,0.0,10.6,3,43,2515.65
2025-11-07,10.6,3.2,6.0,0.0,0.0,8.7,3,64,3989.55
2025-11-08,9.1,3.0,5.7,0.0,0.0,6.1,3,66,3985.3
2025-11-09,11.2,4.6,7.7,3.0,3.0,6.8,53,83,5275.25
2025-11-10,10.8,5.0,7.4,0.0,0.0,12.0,3,45,2278.4
2025-11-11,14.9,6.3,9.4,0.0,0.0,9.2,3,27,1461.7
2025-11-12,14.6,4.2,8.6,0.0,0.0,11.3,3,32,1662.6
2025-11-13,18.0,6.2,11.3,0.0,0.0,10.7,3,28,1551.95
2025-11-14,14.9,7.2,10.7,0.0,0.0,12.9,3,57,3497.95
2025-11-15,17.4,9.3,12.0,3.3,3.3,12.9,61,68,4383.3
2025-11-16,10.4,6.8,8.8,6.3,6.3,8.5,55,62,4083.5
2025-11-17,9.2,0.9,6.1,16.9,15.1,20.4,73,29,1774.85
2025-11-18,4.6,-1.0,1.2,0.0,0.0,7.2,3,35,2210.7
2025-11-19,6.4,-2.8,1.2,2.2,2.2,9.6,53,42,2425.1
2025-11-20,4.2,-0.6,2.3,3.0,2.5,20.9,73,52,3335.25
2025-11-21,2.0,-1.7,0.0,0.4,0.2,16.0,71,55,3637.75
2025-11-22,-0.6,-3.8,-2.7,0.0,0.0,10.3,3,64,4310.57
2025-11-23,4.8,-5.2,-0.6,5.4,4.3,16.1,73,86,6094.1
2025-11-24,5.9,2.2,3.4,32.0,32.0,14.6,63,46,2544.8
2025-11-25,5.9,1.3,3.2,11.2,8.4,19.5,75,55,3368.3
2025-11-26,4.1,-0.9,2.4,3.2,2.9,12.6,73,31,1886.5
2025-11-27,4.8,-2.0,1.5,0.0,0.0,5.7,3,52,2905.4
2025-11-28,5.2,-2.0,2.1,0.2,0.2,7.5,51,85,5459.2
2025-11-29,10.8,2.2,5.7,1.8,1.8,9.8,53,81,5458.65
2025-11-30,8.9,2.8,5.0,5.7,5.7,16.8,53,85,5549.6
2025-12-01,6.2,2.0,4.3,0.3,0.3,10.3,51,44,2730.95
2025-12-02,7.4,0.3,3.1,0.0,0.0,11.2,3,34,1797.1
2025-12-03,5.9,1.8,3.3,0.0,0.0,10.7,3,44,2401.8
2025-12-04,7.0,2.6,4.1,0.9,0.9,13.0,51,43,2630.3
2025-12-05,7.3,1.5,4.2,1.3,1.3,7.6,51,54,2961.4
2025-12-06,10.1,1.5,5.5,14.1,14.1,11.0,63,72,4429.1
2025-12-07,12.6,6.4,9.0,13.5,13.5,20.8,61,75,4455.55
2025-12-08,15.4,7.1,12.0,1.0,1.0,22.1,53,36,1959.05
2025-12-09,12.8,5.3,8.3,0.0,0.0,10.8,3,34,1877.4
2025-12-10,12.0,4.7,8.1,0.0,0.0,7.6,3,42,2389.65
2025-12-11,9.9,5.7,8.1,0.7,0.7,10.5,51,32,1846.65
2025-12-12,8.9,3.7,6.5,0.0,0.0,11.7,3,65,3720.45
2025-12-13,8.8,1.9,4.7,0.0,0.0,6.8,3,55,3577.85
2025-12-14,5.7,1.1,3.2,0.0,0.0,12.0,3,58,3731.9
2025-12-15,6.3,0.1,2.3,0.0,0.0,14.7,3,43,2241.15
2025-12-16,5.4,0.6,2.0,0.0,0.0,13.0,3,42,2611.0
2025-12-17,8.9,0.6,4.1,0.0,0.0,6.6,3,36,2095.35
2025-12-18,10.1,1.5,4.6,0.0,0.0,11.6,3,50,2919.45
2025-12-19,8.9,2.5,5.7,0.1,0.1,11.2,51,55,3798.75
2025-12-20,9.5,4.3,6.6,0.8,0.8,11.5,51,70,4395.15
2025-12-21,6.7,1.5,3.7,0.0,0.0,13.1,3,72,4720.3
2025-12-22,4.2,0.6,2.2,0.0,0.0,11.6,3,58,3590.65
2025-12-23,3.7,-0.9,1.3,0.0,0.0,11.5,3,55,3731.15
2025-12-24,2.5,1.2,2.0,1.2,1.0,17.7,71,1,0.0
2025-12-27,3.3,-1.5,0.2,0.0,0.0,12.4,2,5,102.6
2025-12-28,1.5,-2.5,-1.1,0.0,0.0,10.5,3,3,278.55
2025-12-29,1.8,-3.2,-1.4,0.0,0.0,8.9,3,3,138.6
2025-12-30,2.1,-3.4,-1.4,0.0,0.0,10.3,3,3,160.65
2026-01-02,2.4,-1.4,1.2,2.0,0.6,19.4,73,74,4605.95
2026-01-03,1.5,-2.6,-0.9,0.3,0.0,17.7,73,90,5756.5
2026-01-04,-0.1,-5.3,-2.6,0.0,0.0,11.4,3,98,6406.85
2026-01-05,-0.6,-7.4,-3.8,0.0,0.0,6.3,3,31,1769.45
2026-01-06,-2.2,-8.9,-5.1,0.7,0.0,5.5,73,27,1516.85
2026-01-07,-0.4,-6.2,-2.7,0.5,0.0,12.2,73,40,1914.5
2026-01-08,4.8,-0.3,2.0,8.7,8.3,15.1,71,39,2018.6
2026-01-09,7.2,3.0,5.6,8.1,6.6,27.3,73,59,3586.95
2026-01-10,3.0,0.2,1.7,6.1,2.3,26.9,73,61,4261.15
2026-01-11,3.0,-1.7,0.4,1.1,0.0,10.2,73,66,4134.15
2026-01-12,6.3,-2.0,2.7,0.5,0.5,10.0,51,27,1800.7
2026-01-13,9.6,-0.5,3.0,0.0,0.0,10.3,3,27,1397.8
2026-01-14,10.5,-0.1,3.3,0.0,0.0,7.1,3,33,1991.5
2026-01-15,11.4,1.9,5.7,0.9,0.9,11.6,51,42,2282.6
2026-01-16,8.1,1.0,4.0,0.0,0.0,11.3,3,63,3878.75
2026-01-17,8.2,-0.3,4.1,0.0,0.0,11.5,3,55,3684.4
2026-01-18,4.2,-1.0,0.6,0.0,0.0,9.8,3,69,4343.55
2026-01-19,6.1,-1.4,1.1,0.0,0.0,8.1,3,35,1800.05
2026-01-20,5.5,-1.7,0.7,0.0,0.0,9.6,3,33,2330.5
2026-01-21,5.9,-1.9,0.9,0.0,0.0,10.8,3,33,1735.15
2026-01-22,3.5,-3.2,0.3,0.0,0.0,10.2,3,32,2049.1
2026-01-23,5.7,-0.9,1.3,0.9,0.9,13.6,53,83,5124.8
2026-01-24,5.3,-1.3,1.5,0.3,0.3,11.4,51,70,4500.35
2026-01-25,5.9,0.6,2.6,0.0,0.0,7.3,3,83,5185.41
2026-01-26,6.6,0.8,3.4,2.3,2.3,20.2,53,41,2258.05
2026-01-27,4.0,-1.2,1.2,11.7,11.7,15.6,61,33,2008.95
2026-01-28,4.4,1.5,2.8,16.5,16.4,10.3,71,36,2073.55
2026-01-29,6.4,-1.1,2.8,3.6,3.6,14.1,53,36,1925.3
2026-01-30,5.3,-1.2,2.3,0.9,0.9,11.4,51,78,5058.75
2026-01-31,6.7,1.1,3.3,0.0,0.0,13.9,3,62,3934.2
2026-02-01,7.2,1.3,3.7,0.1,0.1,11.9,51,77,5229.1
2026-02-02,8.2,1.5,4.8,0.7,0.7,13.5,51,33,2160.5
2026-02-03,8.6,2.8,4.9,4.4,4.4,10.4,61,44,2729.5
2026-02-04,6.2,-1.7,2.1,0.5,0.5,12.9,53,37,2130.6
2026-02-05,8.2,-1.4,2.8,0.0,0.0,13.6,3,46,2619.9
2026-02-06,11.1,1.9,5.4,3.4,3.2,12.9,71,64,4101.1
2026-02-07,11.9,2.2,6.1,0.7,0.7,6.5,53,67,4285.1
2026-02-08,6.8,0.6,3.6,0.1,0.1,10.0,51,69,4790.65
2026-02-09,9.0,3.5,5.2,0.0,0.0,10.9,3,34,2114.0
2026-02-10,9.9,2.0,5.9,9.4,9.4,19.9,61,36,2107.5
2026-02-11,11.1,6.4,9.0,25.7,25.7,25.6,63,39,2041.7
2026-02-12,9.1,6.5,7.7,17.9,17.9,36.7,63,39,2287.25
2026-02-13,11.1,5.4,7.7,1.2,1.2,23.3,51,63,3795.15
2026-02-14,6.2,1.3,4.3,2.8,2.8,21.5,53,84,5773.0
2026-02-15,5.9,0.6,2.8,3.9,3.8,13.7,71,69,4359.25
2026-02-16,8.8,3.5,6.1,15.7,15.2,27.4,73,38,2286.0
2026-02-17,7.1,1.9,3.9,15.3,5.3,24.5,75,24,1643.2
2026-02-18,3.1,-0.8,1.5,4.8,3.9,17.9,73,33,1945.3
2026-02-19,8.9,2.0,5.3,8.0,8.0,16.4,53,39,2030.85
2026-02-20,7.8,3.2,5.4,0.8,0.8,13.9,51,61,3581.9
2026-02-21,10.4,6.6,8.3,5.4,5.4,25.5,63,59,3909.5
2026-02-22,13.0,8.0,10.0,0.6,0.6,18.0,51,32,1761.25
2026-02-23,13.4,8.8,10.3,3.6,3.6,19.4,61,63,3904.0
2026-02-24,15.9,8.0,11.7,0.0,0.0,16.7,3,32,1759.05
2026-02-25,15.2,4.4,9.1,0.0,0.0,14.1,3,51,2976.45
2026-02-26,16.8,4.0,9.7,0.0,0.0,6.9,3,73,4385.0
2026-02-27,19.2,4.8,10.9,0.0,0.0,9.2,1,65,4032.3
2026-02-28,13.1,4.8,8.4,0.1,0.1,12.0,51,77,4879.0
2026-03-01,12.4,5.7,8.7,1.1,1.1,10.5,51,67,4403.95
2026-03-02,13.9,2.3,7.6,0.0,0.0,10.7,3,25,1391.95
2026-03-03,15.7,1.6,8.2,0.0,0.0,8.5,2,33,1823.25
2026-03-04,14.6,1.7,7.9,0.0,0.0,11.3,3,33,1867.85
2026-03-05,15.4,3.2,8.7,0.0,0.0,12.7,3,40,2622.85
2026-03-06,16.4,3.2,9.1,0.0,0.0,9.1,3,79,4845.9
2026-03-07,16.8,2.8,9.6,0.0,0.0,6.8,3,57,4045.5
2026-03-08,16.8,2.3,9.9,0.0,0.0,7.4,3,76,4887.7
2026-03-09,17.0,5.4,10.5,0.1,0.1,6.5,51,29,1536.95
2026-03-10,15.1,4.3,9.4,1.1,1.1,13.7,51,28,1487.1
2026-03-11,14.8,5.8,9.6,8.0,8.0,14.7,55,28,1583.35
2026-03-12,12.7,4.3,8.5,3.0,3.0,16.4,61,40,2578.85
2026-03-13,16.2,1.4,8.9,0.0,0.0,12.8,3,54,3467.35
2026-03-14,10.1,2.9,5.1,13.7,13.7,21.6,61,54,3411.4
2026-03-15,8.1,2.1,4.9,1.0,1.0,10.6,51,71,5024.5
2026-03-16,8.8,1.9,5.4,0.0,0.0,18.4,3,34,1954.35
2026-03-17,13.2,1.1,7.5,0.0,0.0,11.8,3,26,1693.0
2026-03-18,13.4,1.8,7.7,0.0,0.0,20.5,0,35,2036.5
2026-03-19,15.2,2.6,9.3,0.0,0.0,10.4,3,37,2237.21
2026-03-20,14.6,0.3,7.6,0.0,0.0,10.9,45,56,3716.0
2026-03-21,14.3,0.8,8.1,0.3,0.3,12.3,61,69,4302.55
2026-03-22,13.3,6.8,9.3,1.7,1.7,14.6,80,83,5552.0
2026-03-23,14.0,1.8,7.8,0.0,0.0,10.5,45,35,2157.65
2026-03-24,16.0,0.9,8.2,0.0,0.0,7.0,3,16,882.45
2026-03-25,13.8,3.2,7.4,3.9,3.6,29.3,80,43,2603.15
